Date,Close
1/3/00,145.4375
1/4/00,139.75
1/5/00,140
1/6/00,137.75
1/7/00,145.75
1/10/00,146.25
1/11/00,144.5
1/12/00,143.0625
1/13/00,145
1/14/00,146.96875
1/18/00,145.8125
1/19/00,147
1/20/00,144.75
1/21/00,144.4375
1/24/00,140.34375
1/25/00,141.9375
1/26/00,140.8125
1/27/00,140.25
1/28/00,135.875
1/31/00,139.5625
2/1/00,140.9375
2/2/00,141.0625
2/3/00,143.1875
2/4/00,142.59375
2/7/00,142.375
2/8/00,144.3125
2/9/00,141.28125
2/10/00,141.5625
2/11/00,138.6875
2/14/00,139.5
2/15/00,141.078125
2/16/00,139
2/17/00,138.28125
2/18/00,135.3125
2/22/00,134.96875
2/23/00,136.5625
2/24/00,133.8125
2/25/00,133.328125
2/28/00,136.125
2/29/00,137.4375
3/1/00,138.4375
3/2/00,138.53125
3/3/00,141.125
3/6/00,139.75
3/7/00,137.046875
3/8/00,136.875
3/9/00,140.875
3/10/00,140.125
3/13/00,138.59375
3/14/00,136.625
3/15/00,139.8125
3/16/00,146.34375
3/17/00,146.9375
3/20/00,146.1875
3/21/00,149.1875
3/22/00,150.09375
3/23/00,152.65625
3/24/00,153.5625
3/27/00,151.9375
3/28/00,151.0625
3/29/00,151.21875
3/30/00,148.6875
3/31/00,150.375
4/3/00,151.25
4/4/00,150.125
4/5/00,149.1875
4/6/00,150.484375
4/7/00,151.4375
4/10/00,150.84375
4/11/00,150.40625
4/12/00,146.28125
4/13/00,144.25
4/14/00,136
4/17/00,140.75
4/18/00,144.46875
4/19/00,143.125
4/20/00,143.8125
4/24/00,142.25
4/25/00,148.15625
4/26/00,146.484375
4/27/00,146
4/28/00,145.09375
5/1/00,147.0625
5/2/00,144.125
5/3/00,140.75
5/4/00,141.8125
5/5/00,143.53125
5/8/00,142.453125
5/9/00,141.3125
5/10/00,138.125
5/11/00,141.28125
5/12/00,142.8125
5/15/00,145.28125
5/16/00,146.6875
5/17/00,145.15625
5/18/00,143.375
5/19/00,141.125
5/22/00,140.0625
5/23/00,138
5/24/00,140.25
5/25/00,137.84375
5/26/00,138
5/30/00,142.5
5/31/00,142.8125
6/1/00,145.3125
6/2/00,147.84375
6/5/00,147.125
6/6/00,146.46875
6/7/00,147.484375
6/8/00,146.90625
6/9/00,146.59375
6/12/00,144.875
6/13/00,147.59375
6/14/00,147.84375
6/15/00,148.15625
6/16/00,146.59375
6/19/00,148.46875
6/20/00,147.9375
6/21/00,147.875
6/22/00,145.625
6/23/00,144.375
6/26/00,146.234375
6/27/00,145.15625
6/28/00,145.5625
6/29/00,144.1875
6/30/00,145.28125
7/3/00,147.28125
7/5/00,144.625
7/6/00,145.75
7/7/00,148.09375
7/10/00,147.84375
7/11/00,148.15625
7/12/00,149.125
7/13/00,149.78125
7/14/00,151.25
7/17/00,151
7/18/00,149.765625
7/19/00,148.5625
7/20/00,150.625
7/21/00,147.6875
7/24/00,146.84375
7/25/00,147.3125
7/26/00,145.875
7/27/00,145.375
7/28/00,142.09375
7/31/00,143
8/1/00,143.875
8/2/00,144.59375
8/3/00,145.59375
8/4/00,146.375
8/7/00,148.125
8/8/00,148.6875
8/9/00,147.4375
8/10/00,146.71875
8/11/00,147.40625
8/14/00,149.28125
8/15/00,149.15625
8/16/00,148.625
8/17/00,150.1875
8/18/00,149.6875
8/21/00,150.5
8/22/00,150.25
8/23/00,150.84375
8/24/00,151.3125
8/25/00,151.25
8/28/00,151.765625
8/29/00,151.796875
8/30/00,150.34375
8/31/00,152.34375
9/1/00,152.5
9/5/00,151.28125
9/6/00,149.5625
9/7/00,150.84375
9/8/00,149.8125
9/11/00,149.59375
9/12/00,148.5
9/13/00,148.890625
9/14/00,149.640625
9/15/00,146
9/18/00,144.65625
9/19/00,145.96875
9/20/00,144.890625
9/21/00,142.6875
9/22/00,145.28125
9/25/00,144.25
9/26/00,142.40625
9/27/00,143.15625
9/28/00,145
9/29/00,143.625
10/2/00,143.84375
10/3/00,142.5
10/4/00,143.6875
10/5/00,144.1875
10/6/00,141.0625
10/9/00,140
10/10/00,137.6875
10/11/00,136.53125
10/12/00,133.125
10/13/00,137.5625
10/16/00,138.1875
10/17/00,134.75
10/18/00,134.25
10/19/00,139.3125
10/20/00,139.90625
10/23/00,140.53125
10/24/00,139.59375
10/25/00,136.3125
10/26/00,136.6875
10/27/00,139.28125
10/30/00,140.53125
10/31/00,142.953125
11/1/00,142.46875
11/2/00,142.703125
11/3/00,142.78125
11/6/00,143.78125
11/7/00,143.75
11/8/00,140.5625
11/9/00,140.03125
11/10/00,136.625
11/13/00,135.5625
11/14/00,139.125
11/15/00,139.5625
11/16/00,137.375
11/17/00,136.640625
11/20/00,134.6875
11/21/00,135.375
11/22/00,132.140625
11/24/00,134.84375
11/27/00,136.03125
11/28/00,133.6875
11/29/00,133.4375
11/30/00,132.28125
12/1/00,132.21875
12/4/00,133.34375
12/5/00,137.71875
12/6/00,135.515625
12/7/00,133.65625
12/8/00,133.96875
12/11/00,138.625
12/12/00,138.03125
12/13/00,136.140625
12/14/00,134.40625
12/15/00,130.96875
12/18/00,132.71875
12/19/00,130.015625
12/20/00,126.25
12/21/00,127.125
12/22/00,130.9375
12/26/00,132.34375
12/27/00,133.3125
12/28/00,133.71875
12/29/00,131.1875
1/2/01,128.8125
1/3/01,135
1/4/01,133.546875
1/5/01,129.1875
1/8/01,130.1875
1/9/01,129.84375
1/10/01,132.125
1/11/01,132.25
1/12/01,132
1/16/01,132.84375
1/17/01,133.453125
1/18/01,134.78125
1/19/01,134.015625
1/22/01,134.90625
1/23/01,135.96875
1/24/01,136.375
1/25/01,136.03125
1/26/01,135.875
1/29/01,136.600006
1/30/01,137.800003
1/31/01,137.020004
2/1/01,137.929993
2/2/01,134.800003
2/5/01,135.789993
2/6/01,135.389999
2/7/01,134.690002
2/8/01,133.119995
2/9/01,131.839996
2/12/01,133.350006
2/13/01,132.259995
2/14/01,132.059998
2/15/01,133.339996
2/16/01,130.399994
2/20/01,128.389999
2/21/01,125.620003
2/22/01,125.809998
2/23/01,124.959999
2/26/01,127.620003
2/27/01,126.440002
2/28/01,123.949997
3/1/01,124.599998
3/2/01,123.610001
3/5/01,124.739998
3/6/01,126.080002
3/7/01,126.980003
3/8/01,127.120003
3/9/01,123.360001
3/12/01,118.080002
3/13/01,120.019997
3/14/01,117.650002
3/15/01,117.68
3/16/01,115.010002
3/19/01,117.349998
3/20/01,114.199997
3/21/01,112.260002
3/22/01,111.120003
3/23/01,114.480003
3/26/01,115.940002
3/27/01,118.309998
3/28/01,115.040001
3/29/01,115.480003
3/30/01,116.690002
4/2/01,114.199997
4/3/01,110.389999
4/4/01,110.849998
4/5/01,115.050003
4/6/01,113.300003
4/9/01,114.559998
4/10/01,116.650002
4/11/01,116.730003
4/12/01,118.849998
4/16/01,117.599998
4/17/01,119.260002
4/18/01,124
4/19/01,125.650002
4/20/01,124.5
4/23/01,122.239998
4/24/01,121.580002
4/25/01,123.169998
4/26/01,123.720001
4/27/01,125.779999
4/30/01,126.660004
5/1/01,127.050003
5/2/01,126.82
5/3/01,125.209999
5/4/01,127.339996
5/7/01,126.239998
5/8/01,126.18
5/9/01,125.650002
5/10/01,126.019997
5/11/01,125.150002
5/14/01,125.400002
5/15/01,125.980003
5/16/01,128.949997
5/17/01,129.149994
5/18/01,129.740005
5/21/01,131.649994
5/22/01,131.479996
5/23/01,129.25
5/24/01,129.630005
5/25/01,128.100006
5/29/01,127.080002
5/30/01,125.300003
5/31/01,125.949997
6/1/01,126.730003
6/4/01,127.339996
6/5/01,128.800003
6/6/01,127.730003
6/7/01,128.190002
6/8/01,127
6/11/01,126.099998
6/12/01,125.879997
6/13/01,124.800003
6/14/01,122
6/15/01,121.849998
6/18/01,121.260002
6/19/01,121.790001
6/20/01,122.43
6/21/01,123.82
6/22/01,122.849998
6/25/01,121.720001
6/26/01,121.550003
6/27/01,121.480003
6/28/01,122.150002
6/29/01,122.599998
7/2/01,124.129997
7/3/01,124.099998
7/5/01,121.68
7/6/01,119.050003
7/9/01,119.699997
7/10/01,118.260002
7/11/01,118.379997
7/12/01,121.190002
7/13/01,122.239998
7/16/01,120.709999
7/17/01,121.839996
7/18/01,121.010002
7/19/01,122.07
7/20/01,121.339996
7/23/01,118.949997
7/24/01,117.800003
7/25/01,119.099998
7/26/01,120.349998
7/27/01,120.809998
7/30/01,120.849998
7/31/01,121.349998
8/1/01,122.110001
8/2/01,122.610001
8/3/01,121.940002
8/6/01,120.300003
8/7/01,120.769997
8/8/01,118.529999
8/9/01,118.879997
8/10/01,119.290001
8/13/01,119.32
8/14/01,119.269997
8/15/01,118.239998
8/16/01,118.650002
8/17/01,116.75
8/20/01,117.830002
8/21/01,115.82
8/22/01,117.019997
8/23/01,116.599998
8/24/01,119.019997
8/27/01,118.309998
8/28/01,116.580002
8/29/01,115.540001
8/30/01,113.32
8/31/01,114.150002
9/4/01,113.419998
9/5/01,113.699997
9/6/01,110.769997
9/7/01,108.720001
9/10/01,110.050003
9/17/01,104.300003
9/18/01,104.050003
9/19/01,101.949997
9/20/01,98.709999
9/21/01,97.279999
9/24/01,100.699997
9/25/01,101.75
9/26/01,101.389999
9/27/01,102.269997
9/28/01,104.440002
10/1/01,104.269997
10/2/01,105.580002
10/3/01,107.349998
10/4/01,107.440002
10/5/01,107.230003
10/8/01,106.529999
10/9/01,105.959999
10/10/01,108.32
10/11/01,110
10/12/01,109.5
10/15/01,109.300003
10/16/01,109.989998
10/17/01,107.650002
10/18/01,107.419998
10/19/01,107.349998
10/22/01,109.470001
10/23/01,108.910004
10/24/01,108.620003
10/25/01,110.57
10/26/01,110.32
10/29/01,107.449997
10/30/01,106.160004
10/31/01,105.800003
11/1/01,108.510002
11/2/01,109.25
11/5/01,110.68
11/6/01,112.400002
11/7/01,112.25
11/8/01,112.599998
11/9/01,112.720001
11/12/01,112.029999
11/13/01,114.550003
11/14/01,114.660004
11/15/01,114.870003
11/16/01,114.360001
11/19/01,115.769997
11/20/01,114.800003
11/21/01,114.040001
11/23/01,115.68
11/26/01,115.93
11/27/01,115.43
11/28/01,113.339996
11/29/01,114.870003
11/30/01,114.050003
12/3/01,113.370003
12/4/01,115.290001
12/5/01,117.400002
12/6/01,117.339996
12/7/01,116.559998
12/10/01,114.379997
12/11/01,114.150002
12/12/01,114.279999
12/13/01,112.059998
12/14/01,113.129997
12/17/01,114.300003
12/18/01,114.980003
12/19/01,115.790001
12/20/01,114.650002
12/21/01,114.949997
12/24/01,114.730003
12/26/01,115.360001
12/27/01,116.059998
12/28/01,116
12/31/01,114.300003
1/2/02,115.529999
1/3/02,116.839996
1/4/02,117.620003
1/7/02,116.790001
1/8/02,116.519997
1/9/02,115.57
1/10/02,116.080002
1/11/02,114.940002
1/14/02,114.220001
1/15/02,115.150002
1/16/02,112.82
1/17/02,113.669998
1/18/02,113.150002
1/22/02,112.370003
1/23/02,113.230003
1/24/02,113.580002
1/25/02,113.550003
1/28/02,113.860001
1/29/02,110.279999
1/30/02,111.870003
1/31/02,113.18
2/1/02,112.650002
2/4/02,109.849998
2/5/02,109.169998
2/6/02,108.699997
2/7/02,108.019997
2/8/02,110.089996
2/11/02,111.440002
2/12/02,111.089996
2/13/02,112.269997
2/14/02,112.059998
2/15/02,110.889999
2/19/02,108.760002
2/20/02,110.589996
2/21/02,108.300003
2/22/02,109.639999
2/25/02,111.449997
2/26/02,111.220001
2/27/02,111.650002
2/28/02,111.150002
3/1/02,113.739998
3/4/02,115.75
3/5/02,115.379997
3/6/02,116.75
3/7/02,116.5
3/8/02,116.989998
3/11/02,117.239998
3/12/02,117.169998
3/13/02,116.040001
3/14/02,115.879997
3/15/02,116.650002
3/18/02,116.669998
3/19/02,117.449997
3/20/02,115.239998
3/21/02,115.290001
3/22/02,115.040001
3/25/02,113.610001
3/26/02,114.269997
3/27/02,114.57
3/28/02,114.519997
4/1/02,114.57
4/2/02,113.940002
4/3/02,113.139999
4/4/02,112.669998
4/5/02,112.690002
4/8/02,112.93
4/9/02,112.139999
4/10/02,113.410004
4/11/02,110.589996
4/12/02,111.419998
4/15/02,110.57
4/16/02,113.199997
4/17/02,112.959999
4/18/02,112.470001
4/19/02,112.879997
4/22/02,111
4/23/02,110.519997
4/24/02,109.410004
4/25/02,109.470001
4/26/02,107.389999
4/29/02,106.860001
4/30/02,107.860001
5/1/02,109.18
5/2/02,108.760002
5/3/02,107.580002
5/6/02,105.470001
5/7/02,105.099998
5/8/02,109.010002
5/9/02,107.75
5/10/02,105.720001
5/13/02,107.870003
5/14/02,110.220001
5/15/02,109.790001
5/16/02,110.360001
5/17/02,110.900002
5/20/02,109.699997
5/21/02,108.699997
5/22/02,108.940002
5/23/02,110.099998
5/24/02,108.690002
5/28/02,108.099998
5/29/02,107.300003
5/30/02,107
5/31/02,107.220001
6/3/02,104.370003
6/4/02,104.629997
6/5/02,105.610001
6/6/02,103.459999
6/7/02,103.339996
6/10/02,103.739998
6/11/02,101.959999
6/12/02,102.580002
6/13/02,101.550003
6/14/02,101.400002
6/17/02,104.120003
6/18/02,104.970001
6/19/02,102.519997
6/20/02,101.209999
6/21/02,99.279999
6/24/02,99.800003
6/25/02,97.559998
6/26/02,97.720001
6/27/02,99.43
6/28/02,98.959999
7/1/02,97.029999
7/2/02,94.970001
7/3/02,95.510002
7/5/02,99.309998
7/8/02,98.07
7/9/02,95.599998
7/10/02,92.120003
7/11/02,92.870003
7/12/02,91.849998
7/15/02,92.339996
7/16/02,90.559998
7/17/02,90.739998
7/18/02,87.800003
7/19/02,84.709999
7/22/02,82.199997
7/23/02,79.949997
7/24/02,84.720001
7/25/02,84
7/26/02,85.599998
7/29/02,89.769997
7/30/02,90.940002
7/31/02,91.160004
8/1/02,88.779999
8/2/02,86.790001
8/5/02,83.769997
8/6/02,86.589996
8/7/02,88.099998
8/8/02,90.949997
8/9/02,91.290001
8/12/02,90.620003
8/13/02,88.970001
8/14/02,92.220001
8/15/02,93.5
8/16/02,93.220001
8/19/02,95.400002
8/20/02,94.389999
8/21/02,95.75
8/22/02,96.68
8/23/02,94.599998
8/26/02,95.260002
8/27/02,94.160004
8/28/02,92.099998
8/29/02,92.139999
8/30/02,91.779999
9/3/02,88.279999
9/4/02,89.540001
9/5/02,88.779999
9/6/02,90
9/9/02,90.660004
9/10/02,91.699997
9/11/02,91.129997
9/12/02,89.449997
9/13/02,89.669998
9/16/02,89.889999
9/17/02,87.830002
9/18/02,86.949997
9/19/02,84.699997
9/20/02,84.349998
9/23/02,83.660004
9/24/02,82.309998
9/25/02,84.349998
9/26/02,85.730003
9/27/02,82.75
9/30/02,81.790001
10/1/02,85.720001
10/2/02,83.150002
10/3/02,82.309998
10/4/02,80.800003
10/7/02,79.129997
10/8/02,80.370003
10/9/02,78.099998
10/10/02,80.629997
10/11/02,84.160004
10/14/02,84.629997
10/15/02,88.699997
10/16/02,86.550003
10/17/02,88.269997
10/18/02,88.639999
10/21/02,90.169998
10/22/02,89.519997
10/23/02,90.199997
10/24/02,88.360001
10/25/02,90.199997
10/28/02,89.610001
10/29/02,88.57
10/30/02,89.43
10/31/02,88.519997
11/1/02,90.269997
11/4/02,91.129997
11/5/02,91.849998
11/6/02,93.040001
11/7/02,90.760002
11/8/02,89.650002
11/11/02,88.260002
11/12/02,88.959999
11/13/02,89.050003
11/14/02,90.730003
11/15/02,91.400002
11/18/02,90.480003
11/19/02,90.360001
11/20/02,92.370003
11/21/02,94.089996
11/22/02,93.419998
11/25/02,93.480003
11/26/02,91.699997
11/27/02,94.279999
11/29/02,93.980003
12/2/02,94.129997
12/3/02,92.870003
12/4/02,92.449997
12/5/02,91.43
12/6/02,92.029999
12/9/02,89.5
12/10/02,90.699997
12/11/02,90.779999
12/12/02,90.769997
12/13/02,89.339996
12/16/02,91.650002
12/17/02,90.849998
12/18/02,89.800003
12/19/02,89.160004
12/20/02,89.989998
12/23/02,90.019997
12/24/02,89.349998
12/26/02,89.389999
12/27/02,87.379997
12/30/02,88.110001
12/31/02,88.230003
1/2/03,91.07
1/3/03,91.349998
1/6/03,92.959999
1/7/03,92.730003
1/8/03,91.389999
1/9/03,92.809998
1/10/03,93.059998
1/13/03,93.029999
1/14/03,93.330002
1/15/03,92.400002
1/16/03,92.019997
1/17/03,90.660004
1/21/03,89.25
1/22/03,88.169998
1/23/03,88.709999
1/24/03,86.379997
1/27/03,85.199997
1/28/03,85.830002
1/29/03,86.480003
1/30/03,84.43
1/31/03,86.059998
2/3/03,86.230003
2/4/03,85.379997
2/5/03,84.849998
2/6/03,84.449997
2/7/03,83.419998
2/10/03,84.010002
2/11/03,83.43
2/12/03,82.099998
2/13/03,82.349998
2/14/03,84.150002
2/18/03,85.629997
2/19/03,85.18
2/20/03,84.330002
2/21/03,85.18
2/24/03,83.800003
2/25/03,84.470001
2/26/03,83.239998
2/27/03,84.339996
2/28/03,84.900002
3/3/03,84.089996
3/4/03,82.75
3/5/03,83.449997
3/6/03,82.75
3/7/03,83.32
3/10/03,81.32
3/11/03,80.519997
3/12/03,81.059998
3/13/03,83.860001
3/14/03,84.129997
3/17/03,86.779999
3/18/03,87.290001
3/19/03,87.959999
3/20/03,88.150002
3/21/03,89.669998
3/24/03,86.690002
3/25/03,87.519997
3/26/03,87.080002
3/27/03,87.150002
3/28/03,86.709999
3/31/03,84.739998
4/1/03,86.040001
4/2/03,88.120003
4/3/03,87.699997
4/4/03,88.220001
4/7/03,88.050003
4/8/03,88.190002
4/9/03,87.029999
4/10/03,87.510002
4/11/03,87.150002
4/14/03,88.949997
4/15/03,89.779999
4/16/03,88.25
4/17/03,89.559998
4/21/03,89.650002
4/22/03,91.339996
4/23/03,92.18
4/24/03,91.360001
4/25/03,90.230003
4/28/03,91.790001
4/29/03,92.110001
4/30/03,91.910004
5/1/03,91.900002
5/2/03,93.209999
5/5/03,93.029999
5/6/03,93.910004
5/7/03,93.389999
5/8/03,92.449997
5/9/03,93.730003
5/12/03,94.879997
5/13/03,94.709999
5/14/03,94.510002
5/15/03,95.110001
5/16/03,94.870003
5/19/03,92.650002
5/20/03,92.459999
5/21/03,92.650002
5/22/03,93.57
5/23/03,93.760002
5/27/03,95.400002
5/28/03,95.669998
5/29/03,95.419998
5/30/03,96.949997
6/2/03,97.349998
6/3/03,97.75
6/4/03,99.160004
6/5/03,99.650002
6/6/03,99.260002
6/9/03,98.25
6/10/03,99.25
6/11/03,100.300003
6/12/03,100.610001
6/13/03,99.559998
6/16/03,101.660004
6/17/03,101.660004
6/18/03,101.57
6/19/03,100.019997
6/20/03,99.440002
6/23/03,98.419998
6/24/03,98.519997
6/25/03,97.529999
6/26/03,98.800003
6/27/03,97.660004
6/30/03,97.629997
7/1/03,98.529999
7/2/03,99.769997
7/3/03,98.739998
7/7/03,100.699997
7/8/03,101.150002
7/9/03,100.580002
7/10/03,99.300003
7/11/03,100.239998
7/14/03,100.730003
7/15/03,100.510002
7/16/03,99.919998
7/17/03,98.5
7/18/03,99.510002
7/21/03,98.279999
7/22/03,99.169998
7/23/03,99.239998
7/24/03,98.489998
7/25/03,100.230003
7/28/03,99.860001
7/29/03,99.400002
7/30/03,99.160004
7/31/03,99.389999
8/1/03,98.510002
8/4/03,98.510002
8/5/03,96.419998
8/6/03,96.980003
8/7/03,98
8/8/03,98.279999
8/11/03,98.650002
8/12/03,99.550003
8/13/03,99.040001
8/14/03,99.309998
8/15/03,99.620003
8/18/03,100.480003
8/19/03,100.860001
8/20/03,100.449997
8/21/03,100.769997
8/22/03,99.769997
8/25/03,99.93
8/26/03,100.110001
8/27/03,100.139999
8/28/03,100.760002
8/29/03,101.440002
9/2/03,102.800003
9/3/03,103.360001
9/4/03,103.410004
9/5/03,102.830002
9/8/03,103.68
9/9/03,103
9/10/03,101.959999
9/11/03,102.260002
9/12/03,102.449997
9/15/03,102.089996
9/16/03,103.580002
9/17/03,103.379997
9/18/03,104.599998
9/19/03,103.669998
9/22/03,102.550003
9/23/03,102.940002
9/24/03,101.110001
9/25/03,100.279999
9/26/03,99.949997
9/29/03,100.93
9/30/03,99.949997
10/1/03,102.080002
10/2/03,102.449997
10/3/03,103.389999
10/6/03,103.860001
10/7/03,104.260002
10/8/03,104
10/9/03,104.279999
10/10/03,104.57
10/13/03,104.900002
10/14/03,105.269997
10/15/03,104.989998
10/16/03,105.410004
10/17/03,104.260002
10/20/03,105.040001
10/21/03,104.860001
10/22/03,103.540001
10/23/03,103.349998
10/24/03,103.580002
10/27/03,103.629997
10/28/03,105.040001
10/29/03,105.18
10/30/03,105.400002
10/31/03,105.300003
11/3/03,105.989998
11/4/03,105.760002
11/5/03,105.839996
11/6/03,106.400002
11/7/03,105.610001
11/10/03,105.18
11/11/03,105.150002
11/12/03,106.330002
11/13/03,106.360001
11/14/03,105.459999
11/17/03,104.93
11/18/03,103.839996
11/19/03,104.720001
11/20/03,103.779999
11/21/03,104.209999
11/24/03,105.589996
11/25/03,105.989998
11/26/03,106.370003
11/28/03,106.449997
12/1/03,107.599998
12/2/03,107.330002
12/3/03,107.160004
12/4/03,107.599998
12/5/03,106.849998
12/8/03,107.57
12/9/03,106.739998
12/10/03,106.730003
12/11/03,107.93
12/12/03,108.139999
12/15/03,107.599998
12/16/03,108.160004
12/17/03,108.5
12/18/03,109.720001
12/19/03,108.900002
12/22/03,109.660004
12/23/03,109.730003
12/24/03,109.620003
12/26/03,109.699997
12/29/03,111.160004
12/30/03,111.18
12/31/03,111.279999
1/2/04,111.230003
1/5/04,112.440002
1/6/04,112.550003
1/7/04,112.93
1/8/04,113.379997
1/9/04,112.389999
1/12/04,113.220001
1/13/04,112.559998
1/14/04,113.5
1/15/04,113.779999
1/16/04,114.230003
1/20/04,114.199997
1/21/04,115.099998
1/22/04,114.800003
1/23/04,114.43
1/26/04,115.870003
1/27/04,114.68
1/28/04,113.370003
1/29/04,113.480003
1/30/04,113.480003
2/2/04,113.970001
2/3/04,113.779999
2/4/04,112.849998
2/5/04,113.18
2/6/04,114.449997
2/9/04,114.480003
2/10/04,114.849998
2/11/04,116.07
2/12/04,115.650002
2/13/04,115.129997
2/17/04,116.169998
2/18/04,115.660004
2/19/04,115.230003
2/20/04,114.879997
2/23/04,114.589996
2/24/04,114.389999
2/25/04,114.870003
2/26/04,114.940002
2/27/04,115.019997
3/1/04,116.160004
3/2/04,115.480003
3/3/04,115.690002
3/4/04,115.989998
3/5/04,116.379997
3/8/04,114.959999
3/9/04,114.5
3/10/04,112.580002
3/11/04,111.120003
3/12/04,112.580002
3/15/04,111.199997
3/16/04,111.790001
3/17/04,113.040001
3/18/04,113.07
3/19/04,111.059998
3/22/04,109.650002
3/23/04,109.459999
3/24/04,109.550003
3/25/04,111
3/26/04,111.029999
3/29/04,112.589996
3/30/04,112.970001
3/31/04,113.099998
4/1/04,113.779999
4/2/04,114.639999
4/5/04,115.269997
4/6/04,114.900002
4/7/04,114.629997
4/8/04,114.370003
4/12/04,114.82
4/13/04,113.209999
4/14/04,113.389999
4/15/04,112.959999
4/16/04,113.830002
4/19/04,113.830002
4/20/04,111.919998
4/21/04,112.669998
4/22/04,114.25
4/23/04,114.360001
4/26/04,114.199997
4/27/04,114.300003
4/28/04,112.82
4/29/04,111.830002
4/30/04,110.959999
5/3/04,112.150002
5/4/04,112.059998
5/5/04,112.779999
5/6/04,111.809998
5/7/04,109.959999
5/10/04,108.830002
5/11/04,109.75
5/12/04,110.449997
5/13/04,109.989998
5/14/04,110.040001
5/17/04,109.099998
5/18/04,109.650002
5/19/04,109.269997
5/20/04,109.620003
5/21/04,109.809998
5/24/04,110.269997
5/25/04,111.849998
5/26/04,112.239998
5/27/04,112.870003
5/28/04,112.860001
6/1/04,112.709999
6/2/04,113.129997
6/3/04,112.089996
6/4/04,112.980003
6/7/04,114.699997
6/8/04,114.860001
6/9/04,113.790001
6/10/04,114.349998
6/14/04,113.220001
6/15/04,114.019997
6/16/04,114
6/17/04,113.830002
6/18/04,113.629997
6/21/04,113.199997
6/22/04,113.769997
6/23/04,114.75
6/24/04,114.389999
6/25/04,113.839996
6/28/04,113.449997
6/29/04,113.919998
6/30/04,114.529999
7/1/04,112.940002
7/2/04,112.879997
7/6/04,111.889999
7/7/04,112.220001
7/8/04,111.440002
7/9/04,111.730003
7/12/04,111.779999
7/13/04,111.860001
7/14/04,111.519997
7/15/04,110.800003
7/16/04,110.709999
7/19/04,110.239998
7/20/04,111.639999
7/21/04,109.580002
7/22/04,109.879997
7/23/04,108.959999
7/26/04,108.75
7/27/04,109.769997
7/28/04,110.099998
7/29/04,110.57
7/30/04,110.839996
8/2/04,111.07
8/3/04,110.209999
8/4/04,110.199997
8/5/04,108.400002
8/6/04,106.849998
8/9/04,107
8/10/04,108.379997
8/11/04,108.160004
8/12/04,106.980003
8/13/04,107.190002
8/16/04,108.300003
8/17/04,108.910004
8/18/04,110.029999
8/19/04,109.709999
8/20/04,110.480003
8/23/04,110.199997
8/24/04,110.349998
8/25/04,111.099998
8/26/04,111.099998
8/27/04,111.449997
8/30/04,110.529999
8/31/04,111.110001
9/1/04,111.32
9/2/04,112.580002
9/3/04,112.120003
9/7/04,112.860001
9/8/04,112.580002
9/9/04,112.480003
9/10/04,113.059998
9/13/04,113.43
9/14/04,113.660004
9/15/04,112.800003
9/16/04,113.139999
9/17/04,113.150002
9/20/04,112.470001
9/21/04,112.959999
9/22/04,111.550003
9/23/04,110.949997
9/24/04,111.459999
9/27/04,110.75
9/28/04,111.279999
9/29/04,111.839996
9/30/04,111.760002
10/1/04,113.650002
10/4/04,113.839996
10/5/04,113.900002
10/6/04,114.68
10/7/04,113.449997
10/8/04,112.510002
10/11/04,112.970001
10/12/04,112.529999
10/13/04,111.540001
10/14/04,110.639999
10/15/04,111.260002
10/18/04,111.68
10/19/04,110.739998
10/20/04,110.519997
10/21/04,111.239998
10/22/04,109.989998
10/25/04,109.860001
10/26/04,111.540001
10/27/04,112.879997
10/28/04,113.220001
10/29/04,113.199997
11/1/04,113.510002
11/2/04,113.550003
11/3/04,114.980003
11/4/04,116.550003
11/5/04,117.279999
11/8/04,117.110001
11/9/04,116.879997
11/10/04,116.970001
11/11/04,117.860001
11/12/04,118.790001
11/15/04,118.730003
11/16/04,117.879997
11/17/04,118.580002
11/18/04,118.739998
11/19/04,117.419998
11/22/04,117.980003
11/23/04,118.160004
11/24/04,118.440002
11/26/04,118.349998
11/29/04,117.809998
11/30/04,117.889999
12/1/04,119.230003
12/2/04,119.330002
12/3/04,119.25
12/6/04,119.209999
12/7/04,118.099998
12/8/04,118.790001
12/9/04,119.209999
12/10/04,119.330002
12/13/04,120.370003
12/14/04,120.790001
12/15/04,120.879997
12/16/04,120.809998
12/17/04,119.440002
12/20/04,119.470001
12/21/04,120.389999
12/22/04,120.68
12/23/04,120.769997
12/27/04,120.519997
12/28/04,121.18
12/29/04,121.360001
12/30/04,121.129997
12/31/04,120.870003
1/3/05,120.300003
1/4/05,118.830002
1/5/05,118.010002
1/6/05,118.610001
1/7/05,118.440002
1/10/05,119
1/11/05,118.18
1/12/05,118.57
1/13/05,117.620003
1/14/05,118.239998
1/18/05,119.470001
1/19/05,118.220001
1/20/05,117.5
1/21/05,116.779999
1/24/05,116.550003
1/25/05,116.879997
1/26/05,117.230003
1/27/05,117.43
1/28/05,117.43
1/31/05,118.160004
2/1/05,118.910004
2/2/05,119.269997
2/3/05,118.959999
2/4/05,120.230003
2/7/05,120.07
2/8/05,120.209999
2/9/05,119.309998
2/10/05,119.739998
2/11/05,120.769997
2/14/05,120.68
2/15/05,121.129997
2/16/05,121.209999
2/17/05,120.230003
2/18/05,120.389999
2/22/05,118.599998
2/23/05,119.449997
2/24/05,120.239998
2/25/05,121.43
2/28/05,120.629997
3/1/05,121.230003
3/2/05,121.169998
3/3/05,121.220001
3/4/05,122.730003
3/7/05,122.790001
3/8/05,122.330002
3/9/05,120.970001
3/10/05,121.239998
3/11/05,120.389999
3/14/05,121.139999
3/15/05,120.139999
3/16/05,119.120003
3/17/05,119.360001
3/18/05,118.540001
3/21/05,118.099998
3/22/05,116.900002
3/23/05,117
3/24/05,117.139999
3/28/05,117.309998
3/29/05,116.529999
3/30/05,118.18
3/31/05,117.959999
4/1/05,117.43
4/4/05,117.629997
4/5/05,118.190002
4/6/05,118.599998
4/7/05,119.239998
4/8/05,118
4/11/05,118.089996
4/12/05,118.699997
4/13/05,117.300003
4/14/05,115.769997
4/15/05,114.150002
4/18/05,114.5
4/19/05,115.410004
4/20/05,113.800003
4/21/05,116.010002
4/22/05,115.57
4/25/05,116.330002
4/26/05,115.199997
4/27/05,115.650002
4/28/05,114.199997
4/29/05,115.75
5/2/05,116.400002
5/3/05,116.599998
5/4/05,117.5
5/5/05,117.459999
5/6/05,117.089996
5/9/05,117.82
5/10/05,116.599998
5/11/05,117.239998
5/12/05,115.949997
5/13/05,115.720001
5/16/05,116.800003
5/17/05,117.580002
5/18/05,118.790001
5/19/05,119.290001
5/20/05,119.120003
5/23/05,119.779999
5/24/05,119.5
5/25/05,119.410004
5/26/05,120.050003
5/27/05,120.25
5/31/05,119.480003
6/1/05,120.5
6/2/05,120.760002
6/3/05,120.150002
6/6/05,120.040001
6/7/05,120.129997
6/8/05,119.910004
6/9/05,120.480003
6/10/05,120.199997
6/13/05,120.580002
6/14/05,120.860001
6/15/05,121.089996
6/16/05,121.400002
6/17/05,121.360001
6/20/05,121.400002
6/21/05,121.470001
6/22/05,121.57
6/23/05,119.860001
6/24/05,118.980003
6/27/05,119.150002
6/28/05,120.150002
6/29/05,119.830002
6/30/05,119.18
7/1/05,119.529999
7/5/05,120.489998
7/6/05,119.480003
7/7/05,119.949997
7/8/05,121.32
7/11/05,121.940002
7/12/05,122.260002
7/13/05,122.43
7/14/05,122.910004
7/15/05,122.839996
7/18/05,122.349998
7/19/05,123.019997
7/20/05,123.440002
7/21/05,122.720001
7/22/05,123.540001
7/25/05,123.190002
7/26/05,123.339996
7/27/05,123.790001
7/28/05,124.57
7/29/05,123.739998
8/1/05,123.650002
8/2/05,124.389999
8/3/05,124.720001
8/4/05,123.720001
8/5/05,122.879997
8/8/05,122.650002
8/9/05,123.389999
8/10/05,123.330002
8/11/05,123.82
8/12/05,123.059998
8/15/05,123.82
8/16/05,122.209999
8/17/05,122.199997
8/18/05,122.190002
8/19/05,122.470001
8/22/05,122.470001
8/23/05,122.239998
8/24/05,121.150002
8/25/05,121.589996
8/26/05,120.760002
8/29/05,121.690002
8/30/05,121.050003
8/31/05,122.580002
9/1/05,122.489998
9/2/05,122.269997
9/6/05,123.699997
9/7/05,123.910004
9/8/05,123.5
9/9/05,124.599998
9/12/05,124.349998
9/13/05,123.660004
9/14/05,123.209999
9/15/05,123.150002
9/16/05,123.5
9/19/05,123.089996
9/20/05,122.050003
9/21/05,120.910004
9/22/05,121.339996
9/23/05,121.440002
9/26/05,121.580002
9/27/05,121.550003
9/28/05,121.669998
9/29/05,122.660004
9/30/05,123.040001
10/3/05,122.599998
10/4/05,121.220001
10/5/05,119.629997
10/6/05,119.199997
10/7/05,119.610001
10/10/05,118.599998
10/11/05,118.43
10/12/05,117.5
10/13/05,117.43
10/14/05,118.669998
10/17/05,119.110001
10/18/05,117.82
10/19/05,119.779999
10/20/05,117.669998
10/21/05,118.129997
10/24/05,119.959999
10/25/05,119.720001
10/26/05,119.370003
10/27/05,118.099998
10/28/05,119.800003
10/31/05,120.129997
11/1/05,120.489998
11/2/05,121.75
11/3/05,122.269997
11/4/05,122.110001
11/7/05,122.230003
11/8/05,122.230003
11/9/05,122.389999
11/10/05,123.339996
11/11/05,123.760002
11/14/05,123.690002
11/15/05,123.239998
11/16/05,123.489998
11/17/05,124.639999
11/18/05,125.129997
11/21/05,125.760002
11/22/05,126.300003
11/23/05,127.029999
11/25/05,127.129997
11/28/05,126.230003
11/29/05,126.089996
11/30/05,125.410004
12/1/05,126.690002
12/2/05,126.849998
12/5/05,126.580002
12/6/05,126.82
12/7/05,126.080002
12/8/05,126
12/9/05,126.330002
12/12/05,126.449997
12/13/05,127.309998
12/14/05,127.809998
12/15/05,127.440002
12/16/05,126.360001
12/19/05,125.709999
12/20/05,125.830002
12/21/05,126.029999
12/22/05,126.690002
12/23/05,126.760002
12/27/05,125.470001
12/28/05,125.75
12/29/05,125.190002
12/30/05,124.510002
1/3/06,126.699997
1/4/06,127.300003
1/5/06,127.379997
1/6/06,128.440002
1/9/06,128.770004
1/10/06,128.899994
1/11/06,129.309998
1/12/06,128.800003
1/13/06,128.679993
1/17/06,128.330002
1/18/06,127.82
1/19/06,128.309998
1/20/06,125.970001
1/23/06,126.419998
1/24/06,126.550003
1/25/06,126.660004
1/26/06,127.360001
1/27/06,128.539993
1/30/06,128.440002
1/31/06,127.5
2/1/06,128.389999
2/2/06,126.900002
2/3/06,126.269997
2/6/06,126.599998
2/7/06,125.480003
2/8/06,126.620003
2/9/06,126.410004
2/10/06,126.639999
2/13/06,126.410004
2/14/06,127.75
2/15/06,128.199997
2/16/06,129.160004
2/17/06,128.809998
2/21/06,128.490005
2/22/06,129.270004
2/23/06,129.080002
2/24/06,129.410004
2/27/06,129.460007
2/28/06,128.229996
3/1/06,129.369995
3/2/06,129.360001
3/3/06,128.759995
3/6/06,128.169998
3/7/06,127.970001
3/8/06,128.240005
3/9/06,127.379997
3/10/06,128.589996
3/13/06,128.830002
3/14/06,130.179993
3/15/06,130.759995
3/16/06,131.029999
3/17/06,130.619995
3/20/06,130.410004
3/21/06,129.589996
3/22/06,130.380005
3/23/06,130.110001
3/24/06,130.210007
3/27/06,130.020004
3/28/06,129.220001
3/29/06,130.029999
3/30/06,129.800003
3/31/06,129.830002
4/3/06,129.729996
4/4/06,130.559998
4/5/06,131.009995
4/6/06,130.869995
4/7/06,129.539993
4/10/06,129.740005
4/11/06,128.639999
4/12/06,128.880005
4/13/06,128.710007
4/17/06,128.660004
4/18/06,130.699997
4/19/06,130.949997
4/20/06,131.130005
4/21/06,131.149994
4/24/06,130.910004
4/25/06,130.369995
4/26/06,130.399994
4/27/06,131.029999
4/28/06,131.470001
5/1/06,130.399994
5/2/06,131.380005
5/3/06,130.889999
5/4/06,131.360001
5/5/06,132.520004
5/8/06,132.360001
5/9/06,132.619995
5/10/06,132.550003
5/11/06,130.949997
5/12/06,129.240005
5/15/06,129.5
5/16/06,129.309998
5/17/06,126.849998
5/18/06,126.209999
5/19/06,127.099998
5/22/06,126.129997
5/23/06,125.169998
5/24/06,126.169998
5/25/06,127.730003
5/26/06,128.380005
5/30/06,126.099998
5/31/06,127.510002
6/1/06,128.729996
6/2/06,129
6/5/06,127.120003
6/6/06,126.809998
6/7/06,125.860001
6/8/06,125.75
6/9/06,125.349998
6/12/06,123.989998
6/13/06,122.550003
6/14/06,123.5
6/15/06,126.120003
6/16/06,124.650002
6/19/06,123.669998
6/20/06,124.089996
6/21/06,125.010002
6/22/06,124.459999
6/23/06,124.440002
6/26/06,124.989998
6/27/06,123.910004
6/28/06,124.75
6/29/06,127.269997
6/30/06,127.279999
7/3/06,127.800003
7/5/06,127.07
7/6/06,127.440002
7/7/06,126.610001
7/10/06,126.849998
7/11/06,127.410004
7/12/06,126.050003
7/13/06,124
7/14/06,123.519997
7/17/06,123.339996
7/18/06,123.970001
7/19/06,125.690002
7/20/06,124.830002
7/21/06,123.949997
7/24/06,126.209999
7/25/06,126.660004
7/26/06,126.830002
7/27/06,126.709999
7/28/06,127.980003
7/31/06,127.849998
8/1/06,127.220001
8/2/06,128.080002
8/3/06,128.419998
8/4/06,128.199997
8/7/06,127.900002
8/8/06,127.410004
8/9/06,126.980003
8/10/06,127.370003
8/11/06,127.010002
8/14/06,127.110001
8/15/06,128.630005
8/16/06,129.699997
8/17/06,130.029999
8/18/06,130.690002
8/21/06,130.130005
8/22/06,130.119995
8/23/06,129.759995
8/24/06,129.649994
8/25/06,129.809998
8/28/06,130.429993
8/29/06,130.580002
8/30/06,130.660004
8/31/06,130.639999
9/1/06,131.419998
9/5/06,131.669998
9/6/06,130.509995
9/7/06,129.910004
9/8/06,130.279999
9/11/06,130.410004
9/12/06,131.690002
9/13/06,132.220001
9/14/06,132.229996
9/15/06,131.960007
9/18/06,132.139999
9/19/06,131.809998
9/20/06,132.509995
9/21/06,131.869995
9/22/06,131.470001
9/25/06,132.479996
9/26/06,133.580002
9/27/06,133.740005
9/28/06,133.690002
9/29/06,133.580002
10/2/06,133.080002
10/3/06,133.360001
10/4/06,134.919998
10/5/06,135.179993
10/6/06,135.009995
10/9/06,135.089996
10/10/06,135.270004
10/11/06,135.110001
10/12/06,136.279999
10/13/06,136.630005
10/16/06,136.839996
10/17/06,136.410004
10/18/06,136.589996
10/19/06,136.809998
10/20/06,136.839996
10/23/06,137.470001
10/24/06,137.880005
10/25/06,138.350006
10/26/06,138.779999
10/27/06,137.910004
10/30/06,137.809998
10/31/06,137.789993
11/1/06,136.860001
11/2/06,136.779999
11/3/06,136.539993
11/6/06,138.080002
11/7/06,138.610001
11/8/06,138.910004
11/9/06,138.179993
11/10/06,138.240005
11/13/06,138.580002
11/14/06,139.619995
11/15/06,140.020004
11/16/06,140.380005
11/17/06,140.419998
11/20/06,140.5
11/21/06,140.639999
11/22/06,140.919998
11/24/06,140.350006
11/27/06,138.419998
11/28/06,139.020004
11/29/06,140.470001
11/30/06,140.529999
12/1/06,140.220001
12/4/06,141.289993
12/5/06,141.899994
12/6/06,141.779999
12/7/06,141.160004
12/8/06,141.419998
12/11/06,141.830002
12/12/06,141.720001
12/13/06,141.869995
12/14/06,143.119995
12/15/06,142.339996
12/18/06,141.949997
12/19/06,142.220001
12/20/06,142.139999
12/21/06,141.619995
12/22/06,140.75
12/26/06,141.580002
12/27/06,142.509995
12/28/06,142.210007
12/29/06,141.619995
1/3/07,141.369995
1/4/07,141.669998
1/5/07,140.539993
1/8/07,141.190002
1/9/07,141.070007
1/10/07,141.539993
1/11/07,142.160004
1/12/07,143.240005
1/16/07,142.960007
1/17/07,143.020004
1/18/07,142.539993
1/19/07,142.820007
1/22/07,142.380005
1/23/07,142.800003
1/24/07,143.949997
1/25/07,142.259995
1/26/07,142.130005
1/29/07,142.050003
1/30/07,142.789993
1/31/07,143.75
2/1/07,144.610001
2/2/07,144.809998
2/5/07,144.850006
2/6/07,144.889999
2/7/07,145.210007
2/8/07,145.020004
2/9/07,143.940002
2/12/07,143.449997
2/13/07,144.660004
2/14/07,145.610001
2/15/07,145.800003
2/16/07,145.729996
2/20/07,146.039993
2/21/07,145.979996
2/22/07,145.869995
2/23/07,145.300003
2/26/07,145.169998
2/27/07,139.5
2/28/07,140.929993
3/1/07,140.509995
3/2/07,138.669998
3/5/07,137.350006
3/6/07,139.699997
3/7/07,139.559998
3/8/07,140.740005
3/9/07,140.779999
3/12/07,140.990005
3/13/07,138.25
3/14/07,139.279999
3/15/07,139.470001
3/16/07,138.529999
3/19/07,140.199997
3/20/07,140.970001
3/21/07,143.289993
3/22/07,143.179993
3/23/07,143.389999
3/26/07,143.199997
3/27/07,142.860001
3/28/07,141.820007
3/29/07,141.970001
3/30/07,142
4/2/07,142.160004
4/3/07,143.690002
4/4/07,143.850006
4/5/07,144.240005
4/9/07,144.440002
4/10/07,144.610001
4/11/07,144.020004
4/12/07,144.660004
4/13/07,145.320007
4/16/07,146.699997
4/17/07,147.089996
4/18/07,147.270004
4/19/07,147.229996
4/20/07,148.619995
4/23/07,148.059998
4/24/07,148.119995
4/25/07,149.479996
4/26/07,149.649994
4/27/07,149.529999
4/30/07,148.289993
5/1/07,148.669998
5/2/07,149.539993
5/3/07,150.350006
5/4/07,150.919998
5/7/07,150.949997
5/8/07,150.75
5/9/07,151.160004
5/10/07,149.580002
5/11/07,150.860001
5/14/07,150.529999
5/15/07,150.570007
5/16/07,151.600006
5/17/07,151.300003
5/18/07,152.619995
5/21/07,152.539993
5/22/07,152.419998
5/23/07,152.440002
5/24/07,151.059998
5/25/07,151.690002
5/29/07,152.240005
5/30/07,153.479996
5/31/07,153.320007
6/1/07,154.080002
6/4/07,154.100006
6/5/07,153.490005
6/6/07,151.839996
6/7/07,149.100006
6/8/07,151.039993
6/11/07,151.300003
6/12/07,149.649994
6/13/07,151.889999
6/14/07,152.860001
6/15/07,153.070007
6/18/07,152.889999
6/19/07,153.270004
6/20/07,151.139999
6/21/07,151.979996
6/22/07,150.550003
6/25/07,149.830002
6/26/07,148.289993
6/27/07,150.399994
6/28/07,150.380005
6/29/07,150.429993
7/2/07,151.789993
7/3/07,152.339996
7/5/07,152.179993
7/6/07,152.979996
7/9/07,153.100006
7/10/07,150.919998
7/11/07,151.990005
7/12/07,154.389999
7/13/07,154.850006
7/16/07,154.830002
7/17/07,154.75
7/18/07,154.470001
7/19/07,155.070007
7/20/07,153.5
7/23/07,153.970001
7/24/07,151.300003
7/25/07,151.610001
7/26/07,148.020004
7/27/07,145.110001
7/30/07,147.380005
7/31/07,145.720001
8/1/07,146.429993
8/2/07,147.600006
8/3/07,143.800003
8/6/07,146.210007
8/7/07,147.770004
8/8/07,149.830002
8/9/07,145.389999
8/10/07,144.710007
8/13/07,145.229996
8/14/07,143.009995
8/15/07,141.039993
8/16/07,142.100006
8/17/07,144.710007
8/20/07,144.639999
8/21/07,144.929993
8/22/07,146.649994
8/23/07,146.520004
8/24/07,148.330002
8/27/07,146.949997
8/28/07,143.720001
8/29/07,146.539993
8/30/07,146.149994
8/31/07,147.589996
9/4/07,149.080002
9/5/07,147.789993
9/6/07,148.130005
9/7/07,146.070007
9/10/07,145.789993
9/11/07,147.490005
9/12/07,147.869995
9/13/07,148.910004
9/14/07,148.899994
9/17/07,148.100006
9/18/07,152.460007
9/19/07,153.360001
9/20/07,152.279999
9/21/07,151.970001
9/24/07,151.690002
9/25/07,151.389999
9/26/07,152.190002
9/27/07,153.089996
9/28/07,152.580002
10/1/07,154.300003
10/2/07,154.089996
10/3/07,153.779999
10/4/07,154.020004
10/5/07,155.850006
10/8/07,155.020004
10/9/07,156.479996
10/10/07,156.220001
10/11/07,155.470001
10/12/07,156.330002
10/15/07,155.009995
10/16/07,153.779999
10/17/07,154.25
10/18/07,153.690002
10/19/07,149.669998
10/22/07,150.539993
10/23/07,151.759995
10/24/07,151.479996
10/25/07,151.839996
10/26/07,153.619995
10/29/07,154.130005
10/30/07,153.059998
10/31/07,154.649994
11/1/07,151.029999
11/2/07,151.199997
11/5/07,150.050003
11/6/07,152.070007
11/7/07,147.910004
11/8/07,147.160004
11/9/07,145.139999
11/12/07,143.699997
11/13/07,148.080002
11/14/07,147.669998
11/15/07,145.539993
11/16/07,145.789993
11/19/07,143.759995
11/20/07,144.639999
11/21/07,141.679993
11/23/07,144.130005
11/26/07,140.949997
11/27/07,142.570007
11/28/07,147.130005
11/29/07,147.179993
11/30/07,148.660004
12/3/07,147.679993
12/4/07,146.360001
12/5/07,148.809998
12/6/07,150.940002
12/7/07,150.910004
12/10/07,152.080002
12/11/07,147.910004
12/12/07,149.369995
12/13/07,149.059998
12/14/07,147.169998
12/17/07,145.070007
12/18/07,145.880005
12/19/07,145.880005
12/20/07,146.800003
12/21/07,148.130005
12/24/07,149.229996
12/26/07,149.550003
12/27/07,147.669998
12/28/07,147.300003
12/31/07,146.210007
1/2/08,144.929993
1/3/08,144.860001
1/4/08,141.309998
1/7/08,141.190002
1/8/08,138.910004
1/9/08,140.369995
1/10/08,141.289993
1/11/08,140.149994
1/14/08,141.279999
1/15/08,138.169998
1/16/08,136.979996
1/17/08,133.429993
1/18/08,132.059998
1/22/08,130.720001
1/23/08,133.860001
1/24/08,134.990005
1/25/08,133.039993
1/28/08,135.240005
1/29/08,135.910004
1/30/08,134.910004
1/31/08,137.369995
2/1/08,139.580002
2/4/08,137.820007
2/5/08,134.130005
2/6/08,133.050003
2/7/08,133.929993
2/8/08,133.070007
2/11/08,133.75
2/12/08,134.990005
2/13/08,136.369995
2/14/08,135.169998
2/15/08,135.139999
2/19/08,135.520004
2/20/08,135.919998
2/21/08,134.789993
2/22/08,135.619995
2/25/08,137.330002
2/26/08,138.360001
2/27/08,138.220001
2/28/08,136.869995
2/29/08,133.820007
3/3/08,133.5
3/4/08,132.990005
3/5/08,133.830002
3/6/08,131.059998
3/7/08,129.710007
3/10/08,128
3/11/08,132.600006
3/12/08,131.360001
3/13/08,131.649994
3/14/08,129.610001
3/17/08,128.300003
3/18/08,133.630005
3/19/08,130.320007
3/20/08,132.080002
3/24/08,134.720001
3/25/08,134.850006
3/26/08,133.199997
3/27/08,132.779999
3/28/08,131.509995
3/31/08,131.970001
4/1/08,136.610001
4/2/08,136.699997
4/3/08,137.039993
4/4/08,136.889999
4/7/08,136.960007
4/8/08,136.820007
4/9/08,135.830002
4/10/08,136.020004
4/11/08,133.380005
4/14/08,132.929993
4/15/08,133.240005
4/16/08,136.850006
4/17/08,137.050003
4/18/08,138.479996
4/21/08,138.550003
4/22/08,137.940002
4/23/08,137.720001
4/24/08,138.320007
4/25/08,139.600006
4/28/08,139.630005
4/29/08,139.080002
4/30/08,138.259995
5/1/08,141.119995
5/2/08,141.509995
5/5/08,140.830002
5/6/08,142.050003
5/7/08,139.520004
5/8/08,139.160004
5/9/08,138.899994
5/12/08,140.460007
5/13/08,140.479996
5/14/08,140.770004
5/15/08,142.529999
5/16/08,142.660004
5/19/08,143.050003
5/20/08,141.889999
5/21/08,139.490005
5/22/08,139.509995
5/23/08,137.639999
5/27/08,138.660004
5/28/08,139.300003
5/29/08,140
5/30/08,140.350006
6/2/08,138.899994
6/3/08,138.089996
6/4/08,138.020004
6/5/08,140.779999
6/6/08,136.289993
6/9/08,136.619995
6/10/08,135.940002
6/11/08,133.940002
6/12/08,134.449997
6/13/08,136.149994
6/16/08,136.229996
6/17/08,135.570007
6/18/08,134.25
6/19/08,134.419998
6/20/08,131.580002
6/23/08,131.449997
6/24/08,131.190002
6/25/08,131.809998
6/26/08,128.229996
6/27/08,127.529999
6/30/08,127.980003
7/1/08,128.380005
7/2/08,126.18
7/3/08,126.309998
7/7/08,125.019997
7/8/08,127.239998
7/9/08,124.790001
7/10/08,125.300003
7/11/08,123.839996
7/14/08,122.720001
7/15/08,120.989998
7/16/08,123.959999
7/17/08,125.199997
7/18/08,125.980003
7/21/08,126.050003
7/22/08,127.480003
7/23/08,128.169998
7/24/08,125.510002
7/25/08,125.480003
7/28/08,123.639999
7/29/08,126.279999
7/30/08,128.529999
7/31/08,126.830002
8/1/08,126.160004
8/4/08,124.989998
8/5/08,128.360001
8/6/08,128.929993
8/7/08,127.010002
8/8/08,129.369995
8/11/08,130.710007
8/12/08,129.350006
8/13/08,128.570007
8/14/08,129.539993
8/15/08,130.169998
8/18/08,128.389999
8/19/08,126.989998
8/20/08,127.580002
8/21/08,127.800003
8/22/08,129.649994
8/25/08,127.019997
8/26/08,127.389999
8/27/08,128.630005
8/28/08,130.190002
8/29/08,128.789993
9/2/08,127.989998
9/3/08,127.879997
9/4/08,124.029999
9/5/08,124.419998
9/8/08,126.989998
9/9/08,123.220001
9/10/08,123.720001
9/11/08,125.510002
9/12/08,126.089996
9/15/08,120.089996
9/16/08,122.099998
9/17/08,116.610001
9/18/08,120.07
9/19/08,124.120003
9/22/08,121.309998
9/23/08,118.550003
9/24/08,118.93
9/25/08,120.790001
9/26/08,120.849998
9/29/08,111.379997
9/30/08,115.989998
10/1/08,116.059998
10/2/08,111.849998
10/3/08,110.339996
10/6/08,104.720001
10/7/08,100.029999
10/8/08,97.510002
10/9/08,90.699997
10/10/08,88.5
10/13/08,101.349998
10/14/08,99.849998
10/15/08,90.019997
10/16/08,93.769997
10/17/08,93.209999
10/20/08,98.809998
10/21/08,95.860001
10/22/08,90.639999
10/23/08,91.690002
10/24/08,87.040001
10/27/08,83.949997
10/28/08,93.760002
10/29/08,93.080002
10/30/08,96.300003
10/31/08,96.830002
11/3/08,97.110001
11/4/08,100.410004
11/5/08,96.190002
11/6/08,90.860001
11/7/08,93.860001
11/10/08,92.629997
11/11/08,89.769997
11/12/08,85.82
11/13/08,91.169998
11/14/08,86.620003
11/17/08,85.470001
11/18/08,87.080002
11/19/08,81.5
11/20/08,75.449997
11/21/08,79.519997
11/24/08,85.029999
11/25/08,85.660004
11/26/08,88.970001
11/28/08,90.089996
12/1/08,82.110001
12/2/08,85.269997
12/3/08,87.32
12/4/08,85.300003
12/5/08,87.93
12/8/08,91
12/9/08,89.5
12/10/08,90.110001
12/11/08,87.940002
12/12/08,88.989998
12/15/08,87.75
12/16/08,91.879997
12/17/08,90.989998
12/18/08,89.290001
12/19/08,88.190002
12/22/08,87.059998
12/23/08,86.160004
12/24/08,86.660004
12/26/08,87.160004
12/29/08,86.910004
12/30/08,88.970001
12/31/08,90.239998
1/2/09,92.959999
1/5/09,92.849998
1/6/09,93.470001
1/7/09,90.669998
1/8/09,91.040001
1/9/09,89.089996
1/12/09,86.949997
1/13/09,87.110001
1/14/09,84.370003
1/15/09,84.400002
1/16/09,85.059998
1/20/09,80.57
1/21/09,84.050003
1/22/09,82.75
1/23/09,83.110001
1/26/09,83.68
1/27/09,84.529999
1/28/09,87.389999
1/29/09,84.550003
1/30/09,82.830002
2/2/09,82.580002
2/3/09,83.739998
2/4/09,83.330002
2/5/09,84.57
2/6/09,86.980003
2/9/09,87.099998
2/10/09,83.110001
2/11/09,83.599998
2/12/09,83.660004
2/13/09,82.760002
2/17/09,79.220001
2/18/09,79.029999
2/19/09,78.18
2/20/09,77.419998
2/23/09,74.650002
2/24/09,77.480003
2/25/09,76.870003
2/26/09,75.620003
2/27/09,73.93
3/2/09,70.599998
3/3/09,70.07
3/4/09,71.730003
3/5/09,68.800003
3/6/09,68.919998
3/9/09,68.110001
3/10/09,72.169998
3/11/09,72.639999
3/12/09,75.5
3/13/09,76.089996
3/16/09,75.860001
3/17/09,78.18
3/18/09,79.93
3/19/09,78.940002
3/20/09,76.709999
3/23/09,82.220001
3/24/09,80.599998
3/25/09,81.449997
3/26/09,83.110001
3/27/09,81.610001
3/30/09,78.790001
3/31/09,79.519997
4/1/09,81.059998
4/2/09,83.43
4/3/09,84.260002
4/6/09,83.599998
4/7/09,81.650002
4/8/09,82.529999
4/9/09,85.809998
4/13/09,85.830002
4/14/09,84.349998
4/15/09,85.25
4/16/09,86.5
4/17/09,87.080002
4/20/09,83.43
4/21/09,85.059998
4/22/09,84.540001
4/23/09,85.370003
4/24/09,86.660004
4/27/09,85.839996
4/28/09,85.57
4/29/09,87.389999
4/30/09,87.419998
5/1/09,87.889999
5/4/09,90.879997
5/5/09,90.57
5/6/09,92.139999
5/7/09,90.860001
5/8/09,92.980003
5/11/09,91.239998
5/12/09,90.970001
5/13/09,88.68
5/14/09,89.440002
5/15/09,88.709999
5/18/09,91.230003
5/19/09,91.120003
5/20/09,90.510002
5/21/09,89.209999
5/22/09,89.019997
5/26/09,91.300003
5/27/09,89.669998
5/28/09,90.919998
5/29/09,92.529999
6/1/09,94.769997
6/2/09,94.849998
6/3/09,93.650002
6/4/09,94.529999
6/5/09,94.550003
6/8/09,94.160004
6/9/09,94.639999
6/10/09,94.400002
6/11/09,94.82
6/12/09,95.080002
6/15/09,92.900002
6/16/09,91.639999
6/17/09,91.550003
6/18/09,92.220001
6/19/09,92.040001
6/22/09,89.279999
6/23/09,89.349998
6/24/09,90.120003
6/25/09,92.080002
6/26/09,91.839996
6/29/09,92.699997
6/30/09,91.949997
7/1/09,92.330002
7/2/09,89.809998
7/6/09,89.800003
7/7/09,88.059998
7/8/09,88
7/9/09,88.169998
7/10/09,87.959999
7/13/09,90.099998
7/14/09,90.610001
7/15/09,93.260002
7/16/09,93.110001
7/17/09,94.129997
7/20/09,95.129997
7/21/09,95.57
7/22/09,95.550003
7/23/09,97.660004
7/24/09,98.059998
7/27/09,98.349998
7/28/09,97.889999
7/29/09,97.650002
7/30/09,98.669998
7/31/09,98.809998
8/3/09,100.440002
8/4/09,100.699997
8/5/09,100.410004
8/6/09,99.889999
8/7/09,101.199997
8/10/09,100.989998
8/11/09,99.730003
8/12/09,100.800003
8/13/09,101.57
8/14/09,100.790001
8/17/09,98.309998
8/18/09,99.089996
8/19/09,99.959999
8/20/09,100.989998
8/21/09,102.970001
8/24/09,102.959999
8/25/09,103.160004
8/26/09,103.169998
8/27/09,103.400002
8/28/09,103.379997
8/31/09,102.459999
9/1/09,100.199997
9/2/09,99.82
9/3/09,100.650002
9/4/09,102.059998
9/8/09,102.940002
9/9/09,103.730003
9/10/09,104.790001
9/11/09,104.769997
9/14/09,105.279999
9/15/09,105.720001
9/16/09,107.32
9/17/09,107.160004
9/18/09,106.720001
9/21/09,106.449997
9/22/09,107.07
9/23/09,106.18
9/24/09,105.010002
9/25/09,104.449997
9/28/09,106.32
9/29/09,106
9/30/09,105.589996
10/1/09,102.970001
10/2/09,102.489998
10/5/09,104.019997
10/6/09,105.510002
10/7/09,105.800003
10/8/09,106.610001
10/9/09,107.260002
10/12/09,107.68
10/13/09,107.459999
10/14/09,109.309998
10/15/09,109.709999
10/16/09,108.889999
10/19/09,109.790001
10/20/09,109.209999
10/21/09,108.230003
10/22/09,109.330002
10/23/09,108.080002
10/26/09,106.910004
10/27/09,106.419998
10/28/09,104.410004
10/29/09,106.650002
10/30/09,103.559998
11/2/09,104.32
11/3/09,104.650002
11/4/09,104.919998
11/5/09,106.849998
11/6/09,107.129997
11/9/09,109.57
11/10/09,109.589996
11/11/09,110.150002
11/12/09,109.029999
11/13/09,109.620003
11/16/09,111.209999
11/17/09,111.339996
11/18/09,111.269997
11/19/09,109.82
11/20/09,109.43
11/23/09,110.82
11/24/09,110.989998
11/25/09,111.379997
11/27/09,109.57
11/30/09,109.940002
12/1/09,111.300003
12/2/09,111.25
12/3/09,110.379997
12/4/09,111.010002
12/7/09,110.839996
12/8/09,109.610001
12/9/09,110.019997
12/10/09,110.639999
12/11/09,111.110001
12/14/09,111.870003
12/15/09,111.349998
12/16/09,111.519997
12/17/09,110.18
12/18/09,110.209999
12/21/09,111.330002
12/22/09,111.730003
12/23/09,111.949997
12/24/09,112.480003
12/28/09,112.720001
12/29/09,112.559998
12/30/09,112.519997
12/31/09,111.440002
1/4/10,113.330002
1/5/10,113.629997
1/6/10,113.709999
1/7/10,114.190002
1/8/10,114.57
1/11/10,114.730003
1/12/10,113.660004
1/13/10,114.620003
1/14/10,114.93
1/15/10,113.639999
1/19/10,115.059998
1/20/10,113.889999
1/21/10,111.699997
1/22/10,109.209999
1/25/10,109.769997
1/26/10,109.309998
1/27/10,109.830002
1/28/10,108.57
1/29/10,107.389999
2/1/10,109.059998
2/2/10,110.379997
2/3/10,109.830002
2/4/10,106.440002
2/5/10,106.660004
2/8/10,105.889999
2/9/10,107.220001
2/10/10,107.010002
2/11/10,108.129997
2/12/10,108.040001
2/16/10,109.739998
2/17/10,110.260002
2/18/10,110.910004
2/19/10,111.139999
2/22/10,111.160004
2/23/10,109.809998
2/24/10,110.82
2/25/10,110.669998
2/26/10,110.739998
3/1/10,111.889999
3/2/10,112.199997
3/3/10,112.300003
3/4/10,112.639999
3/5/10,114.25
3/8/10,114.269997
3/9/10,114.459999
3/10/10,114.970001
3/11/10,115.449997
3/12/10,115.459999
3/15/10,115.489998
3/16/10,116.410004
3/17/10,117.099998
3/18/10,117.040001
3/19/10,115.970001
3/22/10,116.589996
3/23/10,117.410004
3/24/10,116.839996
3/25/10,116.650002
3/26/10,116.580002
3/29/10,117.32
3/30/10,117.400002
3/31/10,117
4/1/10,117.800003
4/5/10,118.760002
4/6/10,119.040001
4/7/10,118.360001
4/8/10,118.769997
4/9/10,119.550003
4/12/10,119.739998
4/13/10,119.830002
4/14/10,121.190002
4/15/10,121.290001
4/16/10,119.360001
4/19/10,119.809998
4/20/10,120.879997
4/21/10,120.660004
4/22/10,121.019997
4/23/10,121.809998
4/26/10,121.349998
4/27/10,118.480003
4/28/10,119.379997
4/29/10,120.860001
4/30/10,118.809998
5/3/10,120.349998
5/4/10,117.519997
5/5/10,116.82
5/6/10,112.940002
5/7/10,111.260002
5/10/10,116.160004
5/11/10,115.830002
5/12/10,117.449997
5/13/10,115.989998
5/14/10,113.889999
5/17/10,113.949997
5/18/10,112.400002
5/19/10,111.760002
5/20/10,107.540001
5/21/10,109.110001
5/24/10,107.709999
5/25/10,107.82
5/26/10,107.169998
5/27/10,110.760002
5/28/10,109.370003
6/1/10,107.529999
6/2/10,110.330002
6/3/10,110.709999
6/4/10,106.82
6/7/10,105.489998
6/8/10,106.620003
6/9/10,106.050003
6/10/10,109.150002
6/11/10,109.68
6/14/10,109.510002
6/15/10,112
6/16/10,111.959999
6/17/10,112.139999
6/18/10,111.730003
6/21/10,111.410004
6/22/10,109.57
6/23/10,109.230003
6/24/10,107.419998
6/25/10,107.870003
6/28/10,107.529999
6/29/10,104.209999
6/30/10,103.220001
7/1/10,102.760002
7/2/10,102.199997
7/6/10,102.870003
7/7/10,106.110001
7/8/10,107.160004
7/9/10,107.959999
7/12/10,108.029999
7/13/10,109.660004
7/14/10,109.650002
7/15/10,109.68
7/16/10,106.660004
7/19/10,107.290001
7/20/10,108.480003
7/21/10,107.07
7/22/10,109.459999
7/23/10,110.410004
7/26/10,111.559998
7/27/10,111.550003
7/28/10,110.830002
7/29/10,110.290001
7/30/10,110.269997
8/2/10,112.760002
8/3/10,112.220001
8/4/10,112.970001
8/5/10,112.849998
8/6/10,112.389999
8/9/10,112.989998
8/10/10,112.379997
8/11/10,109.300003
8/12/10,108.629997
8/13/10,108.309998
8/16/10,108.260002
8/17/10,109.589996
8/18/10,109.790001
8/19/10,107.879997
8/20/10,107.529999
8/23/10,107.120003
8/24/10,105.529999
8/25/10,105.940002
8/26/10,105.230003
8/27/10,106.860001
8/30/10,105.309998
8/31/10,105.309998
9/1/10,108.459999
9/2/10,109.470001
9/3/10,110.889999
9/7/10,109.639999
9/8/10,110.410004
9/9/10,110.919998
9/10/10,111.480003
9/13/10,112.720001
9/14/10,112.650002
9/15/10,113.080002
9/16/10,113.050003
9/17/10,112.489998
9/20/10,114.209999
9/21/10,113.980003
9/22/10,113.419998
9/23/10,112.5
9/24/10,114.82
9/27/10,114.269997
9/28/10,114.669998
9/29/10,114.470001
9/30/10,114.129997
10/1/10,114.610001
10/4/10,113.75
10/5/10,116.040001
10/6/10,116.029999
10/7/10,115.889999
10/8/10,116.540001
10/11/10,116.650002
10/12/10,117.010002
10/13/10,117.919998
10/14/10,117.459999
10/15/10,117.699997
10/18/10,118.279999
10/19/10,116.730003
10/20/10,117.870003
10/21/10,118.129997
10/22/10,118.349998
10/25/10,118.699997
10/26/10,118.720001
10/27/10,118.379997
10/28/10,118.400002
10/29/10,118.489998
11/1/10,118.529999
11/2/10,119.470001
11/3/10,119.949997
11/4/10,122.260002
11/5/10,122.720001
11/8/10,122.489998
11/9/10,121.610001
11/10/10,122.099998
11/11/10,121.639999
11/12/10,120.199997
11/15/10,120.029999
11/16/10,118.160004
11/17/10,118.220001
11/18/10,119.959999
11/19/10,120.290001
11/22/10,120.190002
11/23/10,118.449997
11/24/10,120.199997
11/26/10,118.800003
11/29/10,119.160004
11/30/10,118.489998
12/1/10,121.010002
12/2/10,122.559998
12/3/10,122.889999
12/6/10,122.760002
12/7/10,122.830002
12/8/10,123.279999
12/9/10,123.760002
12/10/10,124.480003
12/13/10,124.559998
12/14/10,124.669998
12/15/10,124.099998
12/16/10,124.82
12/17/10,124.300003
12/20/10,124.599998
12/21/10,125.389999
12/22/10,125.779999
12/23/10,125.599998
12/27/10,125.650002
12/28/10,125.830002
12/29/10,125.919998
12/30/10,125.720001
12/31/10,125.75
1/3/11,127.050003
1/4/11,126.980003
1/5/11,127.639999
1/6/11,127.389999
1/7/11,127.139999
1/10/11,126.980003
1/11/11,127.43
1/12/11,128.580002
1/13/11,128.369995
1/14/11,129.300003
1/18/11,129.520004
1/19/11,128.25
1/20/11,128.080002
1/21/11,128.369995
1/24/11,129.100006
1/25/11,129.169998
1/26/11,129.669998
1/27/11,129.990005
1/28/11,127.720001
1/31/11,128.679993
2/1/11,130.740005
2/2/11,130.490005
2/3/11,130.779999
2/4/11,131.149994
2/7/11,131.970001
2/8/11,132.570007
2/9/11,132.270004
2/10/11,132.320007
2/11/11,133.110001
2/14/11,133.429993
2/15/11,133.009995
2/16/11,133.850006
2/17/11,134.25
2/18/11,134.529999
2/22/11,131.830002
2/23/11,131.020004
2/24/11,130.929993
2/25/11,132.330002
2/28/11,133.149994
3/1/11,130.929993
3/2/11,131.210007
3/3/11,133.470001
3/4/11,132.470001
3/7/11,131.429993
3/8/11,132.580002
3/9/11,132.389999
3/10/11,129.940002
3/11/11,130.839996
3/14/11,130.050003
3/15/11,128.559998
3/16/11,126.18
3/17/11,127.849998
3/18/11,127.760002
3/21/11,129.740005
3/22/11,129.289993
3/23/11,129.660004
3/24/11,130.899994
3/25/11,131.300003
3/28/11,130.979996
3/29/11,131.860001
3/30/11,132.770004
3/31/11,132.589996
4/1/11,133.149994
4/4/11,133.259995
4/5/11,133.240005
4/6/11,133.660004
4/7/11,133.320007
4/8/11,132.860001
4/11/11,132.460007
4/12/11,131.470001
4/13/11,131.460007
4/14/11,131.559998
4/15/11,132.039993
4/18/11,130.559998
4/19/11,131.309998
4/20/11,133.100006
4/21/11,133.779999
4/25/11,133.639999
4/26/11,134.789993
4/27/11,135.669998
4/28/11,136.110001
4/29/11,136.429993
5/2/11,136.220001
5/3/11,135.729996
5/4/11,134.830002
5/5/11,133.610001
5/6/11,134.199997
5/9/11,134.720001
5/10/11,135.869995
5/11/11,134.440002
5/12/11,135.080002
5/13/11,134.039993
5/16/11,133.190002
5/17/11,133.169998
5/18/11,134.360001
5/19/11,134.679993
5/20/11,133.610001
5/23/11,132.059998
5/24/11,131.949997
5/25/11,132.389999
5/26/11,133
5/27/11,133.509995
5/31/11,134.899994
6/1/11,131.869995
6/2/11,131.729996
6/3/11,130.419998
6/6/11,129.039993
6/7/11,128.960007
6/8/11,128.419998
6/9/11,129.399994
6/10/11,127.599998
6/13/11,127.699997
6/14/11,129.320007
6/15/11,127.019997
6/16/11,127.300003
6/17/11,127.050003
6/20/11,127.699997
6/21/11,129.449997
6/22/11,128.669998
6/23/11,128.300003
6/24/11,126.809998
6/27/11,127.940002
6/28/11,129.610001
6/29/11,130.720001
6/30/11,131.970001
7/1/11,133.919998
7/5/11,133.809998
7/6/11,133.970001
7/7/11,135.360001
7/8/11,134.399994
7/11/11,131.970001
7/12/11,131.399994
7/13/11,131.839996
7/14/11,130.929993
7/15/11,131.690002
7/18/11,130.610001
7/19/11,132.729996
7/20/11,132.649994
7/21/11,134.490005
7/22/11,134.580002
7/25/11,133.830002
7/26/11,133.330002
7/27/11,130.600006
7/28/11,130.220001
7/29/11,129.330002
8/1/11,128.779999
8/2/11,125.489998
8/3/11,126.169998
8/4/11,120.260002
8/5/11,120.080002
8/8/11,112.260002
8/9/11,117.480003
8/10/11,112.290001
8/11/11,117.330002
8/12/11,118.120003
8/15/11,120.620003
8/16/11,119.589996
8/17/11,119.669998
8/18/11,114.510002
8/19/11,112.639999
8/22/11,112.730003
8/23/11,116.440002
8/24/11,118.080002
8/25/11,116.279999
8/26/11,117.970001
8/29/11,121.360001
8/30/11,121.68
8/31/11,122.220001
9/1/11,120.940002
9/2/11,117.849998
9/6/11,116.989998
9/7/11,120.290001
9/8/11,119.040001
9/9/11,115.919998
9/12/11,116.669998
9/13/11,117.739998
9/14/11,119.370003
9/15/11,121.43
9/16/11,121.519997
9/19/11,120.309998
9/20/11,120.169998
9/21/11,116.629997
9/22/11,112.860001
9/23/11,113.540001
9/26/11,116.239998
9/27/11,117.540001
9/28/11,115.139999
9/29/11,116.050003
9/30/11,113.150002
10/3/11,109.93
10/4/11,112.339996
10/5/11,114.419998
10/6/11,116.489998
10/7/11,115.709999
10/10/11,119.580002
10/11/11,119.699997
10/12/11,120.75
10/13/11,120.510002
10/14/11,122.57
10/17/11,120.230003
10/18/11,122.580002
10/19/11,121.129997
10/20/11,121.660004
10/21/11,123.970001
10/24/11,125.489998
10/25/11,123.050003
10/26/11,124.300003
10/27/11,128.630005
10/28/11,128.600006
10/31/11,125.5
11/1/11,122
11/2/11,123.989998
11/3/11,126.25
11/4/11,125.480003
11/7/11,126.260002
11/8/11,127.879997
11/9/11,123.160004
11/10/11,124.32
11/11/11,126.660004
11/14/11,125.459999
11/15/11,126.080002
11/16/11,124.080002
11/17/11,122.110001
11/18/11,121.980003
11/21/11,119.660004
11/22/11,119.190002
11/23/11,116.559998
11/25/11,116.339996
11/28/11,119.709999
11/29/11,120.050003
11/30/11,124.989998
12/1/11,124.970001
12/2/11,124.860001
12/5/11,126.220001
12/6/11,126.260002
12/7/11,126.730003
12/8/11,123.949997
12/9/11,126.050003
12/12/11,124.209999
12/13/11,123.050003
12/14/11,121.739998
12/15/11,122.18
12/16/11,121.589996
12/19/11,120.290001
12/20/11,123.93
12/21/11,124.169998
12/22/11,125.269997
12/23/11,126.389999
12/27/11,126.489998
12/28/11,124.830002
12/29/11,126.120003
12/30/11,125.5
1/3/12,127.5
1/4/12,127.699997
1/5/12,128.039993
1/6/12,127.709999
1/9/12,128.020004
1/10/12,129.130005
1/11/12,129.199997
1/12/12,129.509995
1/13/12,128.839996
1/17/12,129.339996
1/18/12,130.770004
1/19/12,131.460007
1/20/12,131.949997
1/23/12,131.610001
1/24/12,131.460007
1/25/12,132.559998
1/26/12,131.880005
1/27/12,131.820007
1/30/12,131.369995
1/31/12,131.320007
2/1/12,132.470001
2/2/12,132.679993
2/3/12,134.539993
2/6/12,134.449997
2/7/12,134.789993
2/8/12,135.190002
2/9/12,135.360001
2/10/12,134.360001
2/13/12,135.360001
2/14/12,135.190002
2/15/12,134.559998
2/16/12,136.050003
2/17/12,136.410004
2/21/12,136.470001
2/22/12,136.029999
2/23/12,136.630005
2/24/12,136.929993
2/27/12,137.160004
2/28/12,137.559998
2/29/12,137.020004
3/1/12,137.729996
3/2/12,137.309998
3/5/12,136.75
3/6/12,134.75
3/7/12,135.690002
3/8/12,137.039993
3/9/12,137.570007
3/12/12,137.580002
3/13/12,140.059998
3/14/12,139.910004
3/15/12,140.720001
3/16/12,140.300003
3/19/12,140.850006
3/20/12,140.440002
3/21/12,140.210007
3/22/12,139.199997
3/23/12,139.649994
3/26/12,141.610001
3/27/12,141.169998
3/28/12,140.470001
3/29/12,140.229996
3/30/12,140.809998
4/2/12,141.839996
4/3/12,141.259995
4/4/12,139.860001
4/5/12,139.789993
4/9/12,138.220001
4/10/12,135.899994
4/11/12,137
4/12/12,138.789993
4/13/12,137.139999
4/16/12,137.050003
4/17/12,139.080002
4/18/12,138.610001
4/19/12,137.720001
4/20/12,137.949997
4/23/12,136.789993
4/24/12,137.309998
4/25/12,139.190002
4/26/12,140.160004
4/27/12,140.389999
4/30/12,139.869995
5/1/12,140.740005
5/2/12,140.320007
5/3/12,139.25
5/4/12,137
5/7/12,137.100006
5/8/12,136.550003
5/9/12,135.740005
5/10/12,136.020004
5/11/12,135.610001
5/14/12,134.110001
5/15/12,133.339996
5/16/12,132.830002
5/17/12,130.860001
5/18/12,129.740005
5/21/12,131.970001
5/22/12,132.199997
5/23/12,132.270004
5/24/12,132.529999
5/25/12,132.100006
5/29/12,133.699997
5/30/12,131.759995
5/31/12,131.470001
6/1/12,128.160004
6/4/12,128.100006
6/5/12,129.070007
6/6/12,131.970001
6/7/12,132.050003
6/8/12,133.100006
6/11/12,131.410004
6/12/12,132.919998
6/13/12,132.070007
6/14/12,133.470001
6/15/12,134.139999
6/18/12,134.399994
6/19/12,135.699997
6/20/12,135.479996
6/21/12,132.440002
6/22/12,133.460007
6/25/12,131.320007
6/26/12,131.979996
6/27/12,133.169998
6/28/12,132.789993
6/29/12,136.100006
7/2/12,136.509995
7/3/12,137.410004
7/5/12,136.789993
7/6/12,135.490005
7/9/12,135.320007
7/10/12,134.139999
7/11/12,134.160004
7/12/12,133.509995
7/13/12,135.75
7/16/12,135.429993
7/17/12,136.360001
7/18/12,137.369995
7/19/12,137.729996
7/20/12,136.470001
7/23/12,135.089996
7/24/12,133.929993
7/25/12,133.960007
7/26/12,136.169998
7/27/12,138.679993
7/30/12,138.679993
7/31/12,137.710007
8/1/12,137.589996
8/2/12,136.639999
8/3/12,139.350006
8/6/12,139.619995
8/7/12,140.320007
8/8/12,140.490005
8/9/12,140.610001
8/10/12,140.839996
8/13/12,140.770004
8/14/12,140.789993
8/15/12,140.949997
8/16/12,141.990005
8/17/12,142.179993
8/20/12,142.190002
8/21/12,141.759995
8/22/12,141.820007
8/23/12,140.660004
8/24/12,141.509995
8/27/12,141.539993
8/28/12,141.399994
8/29/12,141.509995
8/30/12,140.490005
8/31/12,141.160004
9/4/12,141.029999
9/5/12,140.910004
9/6/12,143.770004
9/7/12,144.330002
9/10/12,143.509995
9/11/12,143.910004
9/12/12,144.389999
9/13/12,146.589996
9/14/12,147.240005
9/17/12,146.740005
9/18/12,146.619995
9/19/12,146.699997
9/20/12,146.710007
9/21/12,145.869995
9/24/12,145.649994
9/25/12,144.100006
9/26/12,143.289993
9/27/12,144.639999
9/28/12,143.970001
10/1/12,144.350006
10/2/12,144.5
10/3/12,145.089996
10/4/12,146.130005
10/5/12,146.139999
10/8/12,145.639999
10/9/12,144.199997
10/10/12,143.279999
10/11/12,143.360001
10/12/12,142.889999
10/15/12,144.080002
10/16/12,145.539993
10/17/12,146.199997
10/18/12,145.820007
10/19/12,143.389999
10/22/12,143.410004
10/23/12,141.419998
10/24/12,141.020004
10/25/12,141.429993
10/26/12,141.350006
10/31/12,141.350006
11/1/12,142.830002
11/2/12,141.559998
11/5/12,141.850006
11/6/12,142.960007
11/7/12,139.720001
11/8/12,138.039993
11/9/12,138.160004
11/12/12,138.270004
11/13/12,137.789993
11/14/12,135.929993
11/15/12,135.699997
11/16/12,136.369995
11/19/12,139.130005
11/20/12,139.190002
11/21/12,139.449997
11/23/12,141.350006
11/26/12,141.050003
11/27/12,140.330002
11/28/12,141.460007
11/29/12,142.119995
11/30/12,142.149994
12/3/12,141.449997
12/4/12,141.25
12/5/12,141.5
12/6/12,141.979996
12/7/12,142.410004
12/10/12,142.470001
12/11/12,143.440002
12/12/12,143.509995
12/13/12,142.630005
12/14/12,142.100006
12/17/12,143.770004
12/18/12,145.369995
12/19/12,144.289993
12/20/12,145.119995
12/21/12,142.789993
12/24/12,142.350006
12/26/12,141.75
12/27/12,141.559998
12/28/12,140.029999
12/31/12,142.410004
1/2/13,146.059998
1/3/13,145.729996
1/4/13,146.369995
1/7/13,145.970001
1/8/13,145.550003
1/9/13,145.919998
1/10/13,147.080002
1/11/13,147.070007
1/14/13,146.970001
1/15/13,147.070007
1/16/13,147.050003
1/17/13,148
1/18/13,148.330002
1/22/13,149.130005
1/23/13,149.369995
1/24/13,149.410004
1/25/13,150.25
1/28/13,150.070007
1/29/13,150.660004
1/30/13,150.070007
1/31/13,149.699997
2/1/13,151.240005
2/4/13,149.539993
2/5/13,151.050003
2/6/13,151.160004
2/7/13,150.960007
2/8/13,151.800003
2/11/13,151.770004
2/12/13,152.020004
2/13/13,152.149994
2/14/13,152.289993
2/15/13,152.110001
2/19/13,153.25
2/20/13,151.339996
2/21/13,150.419998
2/22/13,151.889999
2/25/13,149
2/26/13,150.020004
2/27/13,151.910004
2/28/13,151.610001
3/1/13,152.110001
3/4/13,152.919998
3/5/13,154.289993
3/6/13,154.5
3/7/13,154.779999
3/8/13,155.440002
3/11/13,156.029999
3/12/13,155.679993
3/13/13,155.899994
3/14/13,156.729996
3/15/13,155.830002
3/18/13,154.970001
3/19/13,154.610001
3/20/13,155.690002
3/21/13,154.360001
3/22/13,155.600006
3/25/13,154.949997
3/26/13,156.190002
3/27/13,156.190002
3/28/13,156.669998
4/1/13,156.050003
4/2/13,156.820007
4/3/13,155.229996
4/4/13,155.860001
4/5/13,155.160004
4/8/13,156.210007
4/9/13,156.75
4/10/13,158.669998
4/11/13,159.190002
4/12/13,158.800003
4/15/13,155.119995
4/16/13,157.410004
4/17/13,155.110001
4/18/13,154.139999
4/19/13,155.479996
4/22/13,156.169998
4/23/13,157.779999
4/24/13,157.880005
4/25/13,158.520004
4/26/13,158.240005
4/29/13,159.300003
4/30/13,159.679993
5/1/13,158.279999
5/2/13,159.75
5/3/13,161.369995
5/6/13,161.779999
5/7/13,162.600006
5/8/13,163.339996
5/9/13,162.880005
5/10/13,163.410004
5/13/13,163.539993
5/14/13,165.229996
5/15/13,166.119995
5/16/13,165.339996
5/17/13,166.940002
5/20/13,166.929993
5/21/13,167.169998
5/22/13,165.929993
5/23/13,165.449997
5/24/13,165.309998
5/28/13,166.300003
5/29/13,165.220001
5/30/13,165.830002
5/31/13,163.449997
6/3/13,164.350006
6/4/13,163.559998
6/5/13,161.270004
6/6/13,162.729996
6/7/13,164.800003
6/10/13,164.800003
6/11/13,163.100006
6/12/13,161.75
6/13/13,164.210007
6/14/13,163.179993
6/17/13,164.440002
6/18/13,165.740005
6/19/13,163.449997
6/20/13,159.399994
6/21/13,159.070007
6/24/13,157.059998
6/25/13,158.570007
6/26/13,160.139999
6/27/13,161.080002
6/28/13,160.419998
7/1/13,161.360001
7/2/13,161.210007
7/3/13,161.279999
7/5/13,163.020004
7/8/13,163.949997
7/9/13,165.130005
7/10/13,165.190002
7/11/13,167.440002
7/12/13,167.509995
7/15/13,168.149994
7/16/13,167.520004
7/17/13,167.949997
7/18/13,168.869995
7/19/13,169.169998
7/22/13,169.5
7/23/13,169.139999
7/24/13,168.520004
7/25/13,168.929993
7/26/13,169.110001
7/29/13,168.589996
7/30/13,168.589996
7/31/13,168.710007
8/1/13,170.660004
8/2/13,170.949997
8/5/13,170.699997
8/6/13,169.729996
8/7/13,169.179993
8/8/13,169.800003
8/9/13,169.309998
8/12/13,169.110001
8/13/13,169.610001
8/14/13,168.740005
8/15/13,166.380005
8/16/13,165.830002
8/19/13,164.770004
8/20/13,165.580002
8/21/13,164.559998
8/22/13,166.059998
8/23/13,166.619995
8/26/13,166
8/27/13,163.330002
8/28/13,163.910004
8/29/13,164.169998
8/30/13,163.649994
9/3/13,164.389999
9/4/13,165.75
9/5/13,165.960007
9/6/13,166.039993
9/9/13,167.630005
9/10/13,168.869995
9/11/13,169.399994
9/12/13,168.949997
9/13/13,169.330002
9/16/13,170.309998
9/17/13,171.070007
9/18/13,173.050003
9/19/13,172.759995
9/20/13,170.720001
9/23/13,169.929993
9/24/13,169.529999
9/25/13,169.039993
9/26/13,169.690002
9/27/13,168.910004
9/30/13,168.009995
10/1/13,169.339996
10/2/13,169.179993
10/3/13,167.619995
10/4/13,168.889999
10/7/13,167.429993
10/8/13,165.479996
10/9/13,165.600006
10/10/13,169.169998
10/11/13,170.259995
10/14/13,170.940002
10/15/13,169.699997
10/16/13,172.070007
10/17/13,173.220001
10/18/13,174.389999
10/21/13,174.399994
10/22/13,175.410004
10/23/13,174.570007
10/24/13,175.149994
10/25/13,175.949997
10/28/13,176.229996
10/29/13,177.169998
10/30/13,176.289993
10/31/13,175.789993
11/1/13,176.210007
11/4/13,176.830002
11/5/13,176.270004
11/6/13,177.169998
11/7/13,174.929993
11/8/13,177.289993
11/11/13,177.320007
11/12/13,176.960007
11/13/13,178.380005
11/14/13,179.270004
11/15/13,180.050003
11/18/13,179.419998
11/19/13,179.029999
11/20/13,178.470001
11/21/13,179.910004
11/22/13,180.809998
11/25/13,180.630005
11/26/13,180.679993
11/27/13,181.119995
11/29/13,181
12/2/13,180.529999
12/3/13,179.75
12/4/13,179.729996
12/5/13,178.940002
12/6/13,180.940002
12/9/13,181.399994
12/10/13,180.75
12/11/13,178.720001
12/12/13,178.130005
12/13/13,178.110001
12/16/13,179.220001
12/17/13,178.649994
12/18/13,181.699997
12/19/13,181.490005
12/20/13,181.559998
12/23/13,182.529999
12/24/13,182.929993
12/26/13,183.860001
12/27/13,183.850006
12/30/13,183.820007
12/31/13,184.690002
1/2/14,182.919998
1/3/14,182.889999
1/6/14,182.360001
1/7/14,183.479996
1/8/14,183.520004
1/9/14,183.639999
1/10/14,184.139999
1/13/14,181.690002
1/14/14,183.669998
1/15/14,184.660004
1/16/14,184.419998
1/17/14,183.639999
1/21/14,184.179993
1/22/14,184.300003
1/23/14,182.789993
1/24/14,178.889999
1/27/14,178.009995
1/28/14,179.070007
1/29/14,177.350006
1/30/14,179.229996
1/31/14,178.179993
2/3/14,174.169998
2/4/14,175.389999
2/5/14,175.169998
2/6/14,177.479996
2/7/14,179.679993
2/10/14,180.009995
2/11/14,181.979996
2/12/14,182.070007
2/13/14,183.009995
2/14/14,184.020004
2/18/14,184.240005
2/19/14,183.020004
2/20/14,184.100006
2/21/14,183.889999
2/24/14,184.910004
2/25/14,184.839996
2/26/14,184.850006
2/27/14,185.820007
2/28/14,186.289993
3/3/14,184.979996
3/4/14,187.580002
3/5/14,187.75
3/6/14,188.179993
3/7/14,188.259995
3/10/14,188.160004
3/11/14,187.229996
3/12/14,187.279999
3/13/14,185.179993
3/14/14,184.660004
3/17/14,186.330002
3/18/14,187.660004
3/19/14,186.660004
3/20/14,187.75
3/21/14,186.199997
3/24/14,185.429993
3/25/14,186.309998
3/26/14,184.970001
3/27/14,184.580002
3/28/14,185.490005
3/31/14,187.009995
4/1/14,188.25
4/2/14,188.880005
4/3/14,188.630005
4/4/14,186.399994
4/7/14,184.339996
4/8/14,185.100006
4/9/14,187.089996
4/10/14,183.160004
4/11/14,181.509995
4/14/14,182.940002
4/15/14,184.199997
4/16/14,186.130005
4/17/14,186.389999
4/21/14,187.039993
4/22/14,187.889999
4/23/14,187.449997
4/24/14,187.830002
4/25/14,186.289993
4/28/14,186.880005
4/29/14,187.75
4/30/14,188.309998
5/1/14,188.330002
5/2/14,188.059998
5/5/14,188.419998
5/6/14,186.779999
5/7/14,187.880005
5/8/14,187.679993
5/9/14,187.960007
5/12/14,189.789993
5/13/14,189.960007
5/14/14,189.059998
5/15/14,187.399994
5/16/14,188.050003
5/19/14,188.740005
5/20/14,187.550003
5/21/14,189.130005
5/22/14,189.589996
5/23/14,190.350006
5/27/14,191.520004
5/28/14,191.380005
5/29/14,192.369995
5/30/14,192.679993
6/2/14,192.899994
6/3/14,192.800003
6/4/14,193.190002
6/5/14,194.449997
6/6/14,195.380005
6/9/14,195.580002
6/10/14,195.600006
6/11/14,194.919998
6/12/14,193.539993
6/13/14,194.130005
6/16/14,194.289993
6/17/14,194.830002
6/18/14,196.259995
6/19/14,196.479996
6/20/14,195.940002
6/23/14,195.880005
6/24/14,194.699997
6/25/14,195.580002
6/26/14,195.440002
6/27/14,195.820007
6/30/14,195.720001
7/1/14,197.029999
7/2/14,197.229996
7/3/14,198.199997
7/7/14,197.509995
7/8/14,196.240005
7/9/14,197.119995
7/10/14,196.339996
7/11/14,196.610001
7/14/14,197.600006
7/15/14,197.229996
7/16/14,197.960007
7/17/14,195.710007
7/18/14,197.710007
7/21/14,197.339996
7/22/14,198.199997
7/23/14,198.639999
7/24/14,198.649994
7/25/14,197.720001
7/28/14,197.800003
7/29/14,196.949997
7/30/14,196.979996
7/31/14,193.089996
8/1/14,192.5
8/4/14,193.889999
8/5/14,192.009995
8/6/14,192.070007
8/7/14,191.029999
8/8/14,193.240005
8/11/14,193.800003
8/12/14,193.529999
8/13/14,194.839996
8/14/14,195.759995
8/15/14,195.720001
8/18/14,197.360001
8/19/14,198.389999
8/20/14,198.919998
8/21/14,199.5
8/22/14,199.190002
8/25/14,200.199997
8/26/14,200.330002
8/27/14,200.25
8/28/14,200.139999
8/29/14,200.710007
9/2/14,200.610001
9/3/14,200.5
9/4/14,200.210007
9/5/14,201.110001
9/8/14,200.589996
9/9/14,199.320007
9/10/14,200.070007
9/11/14,200.300003
9/12/14,199.130005
9/15/14,198.979996
9/16/14,200.479996
9/17/14,200.75
9/18/14,201.820007
9/19/14,200.699997
9/22/14,199.149994
9/23/14,198.009995
9/24/14,199.559998
9/25/14,196.339996
9/26/14,197.899994
9/29/14,197.539993
9/30/14,197.020004
10/1/14,194.350006
10/2/14,194.380005
10/3/14,196.520004
10/6/14,196.289993
10/7/14,193.259995
10/8/14,196.639999
10/9/14,192.740005
10/10/14,190.539993
10/13/14,187.410004
10/14/14,187.699997
10/15/14,186.429993
10/16/14,186.270004
10/17/14,188.470001
10/20/14,190.300003
10/21/14,194.070007
10/22/14,192.690002
10/23/14,194.929993
10/24/14,196.429993
10/27/14,196.160004
10/28/14,198.410004
10/29/14,198.110001
10/30/14,199.380005
10/31/14,201.660004
11/3/14,201.770004
11/4/14,201.070007
11/5/14,202.339996
11/6/14,203.149994
11/7/14,203.339996
11/10/14,203.979996
11/11/14,204.179993
11/12/14,203.960007
11/13/14,204.190002
11/14/14,204.240005
11/17/14,204.369995
11/18/14,205.550003
11/19/14,205.220001
11/20/14,205.580002
11/21/14,206.679993
11/24/14,207.259995
11/25/14,207.110001
11/26/14,207.639999
11/28/14,207.199997
12/1/14,205.759995
12/2/14,207.089996
12/3/14,207.889999
12/4/14,207.660004
12/5/14,208
12/8/14,206.610001
12/9/14,206.470001
12/10/14,203.160004
12/11/14,204.190002
12/12/14,200.889999
12/15/14,199.509995
12/16/14,197.910004
12/17/14,201.789993
12/18/14,206.779999
12/19/14,206.520004
12/22/14,207.470001
12/23/14,207.75
12/24/14,207.770004
12/26/14,208.440002
12/29/14,208.720001
12/30/14,207.600006
12/31/14,205.539993
1/2/15,205.429993
1/5/15,201.720001
1/6/15,199.820007
1/7/15,202.309998
1/8/15,205.899994
1/9/15,204.25
1/12/15,202.649994
1/13/15,202.080002
1/14/15,200.860001
1/15/15,199.020004
1/16/15,201.630005
1/20/15,202.059998
1/21/15,203.080002
1/22/15,206.100006
1/23/15,204.970001
1/26/15,205.449997
1/27/15,202.740005
1/28/15,200.139999
1/29/15,201.990005
1/30/15,199.449997
2/2/15,201.919998
2/3/15,204.839996
2/4/15,204.059998
2/5/15,206.119995
2/6/15,205.550003
2/9/15,204.630005
2/10/15,206.809998
2/11/15,206.929993
2/12/15,208.919998
2/13/15,209.779999
2/17/15,210.110001
2/18/15,210.130005
2/19/15,209.979996
2/20/15,211.240005
2/23/15,211.210007
2/24/15,211.809998
2/25/15,211.630005
2/26/15,211.380005
2/27/15,210.660004
3/2/15,211.990005
3/3/15,211.119995
3/4/15,210.229996
3/5/15,210.460007
3/6/15,207.5
3/9/15,208.360001
3/10/15,204.979996
3/11/15,204.5
3/12/15,207.100006
3/13/15,205.830002
3/16/15,208.580002
3/17/15,207.960007
3/18/15,210.460007
3/19/15,209.5
3/20/15,210.410004
3/23/15,210
3/24/15,208.820007
3/25/15,205.759995
3/26/15,205.270004
3/27/15,205.740005
3/30/15,208.25
3/31/15,206.429993
4/1/15,205.699997
4/2/15,206.440002
4/6/15,207.830002
4/7/15,207.279999
4/8/15,207.979996
4/9/15,208.899994
4/10/15,210.039993
4/13/15,209.089996
4/14/15,209.490005
4/15/15,210.429993
4/16/15,210.369995
4/17/15,207.949997
4/20/15,209.850006
4/21/15,209.600006
4/22/15,210.630005
4/23/15,211.160004
4/24/15,211.649994
4/27/15,210.770004
4/28/15,211.440002
4/29/15,210.570007
4/30/15,208.460007
5/1/15,210.720001
5/4/15,211.320007
5/5/15,208.899994
5/6/15,208.039993
5/7/15,208.869995
5/8/15,211.619995
5/11/15,210.610001
5/12/15,209.979996
5/13/15,210.020004
5/14/15,212.210007
5/15/15,212.440002
5/18/15,213.100006
5/19/15,213.029999
5/20/15,212.880005
5/21/15,213.5
5/22/15,212.990005
5/26/15,210.699997
5/27/15,212.699997
5/28/15,212.460007
5/29/15,211.139999
6/1/15,211.570007
6/2/15,211.360001
6/3/15,211.919998
6/4/15,210.130005
6/5/15,209.770004
6/8/15,208.479996
6/9/15,208.449997
6/10/15,210.949997
6/11/15,211.630005
6/12/15,210.009995
6/15/15,209.110001
6/16/15,210.25
6/17/15,210.589996
6/18/15,212.779999
6/19/15,210.809998
6/22/15,211.889999
6/23/15,212.039993
6/24/15,210.5
6/25/15,209.860001
6/26/15,209.820007
6/29/15,205.419998
6/30/15,205.850006
7/1/15,207.5
7/2/15,207.309998
7/6/15,206.720001
7/7/15,208.020004
7/8/15,204.529999
7/9/15,204.899994
7/10/15,207.479996
7/13/15,209.770004
7/14/15,210.679993
7/15/15,210.610001
7/16/15,212.300003
7/17/15,212.479996
7/20/15,212.589996
7/21/15,211.75
7/22/15,211.369995
7/23/15,210.179993
7/24/15,208
7/27/15,206.789993
7/28/15,209.330002
7/29/15,210.770004
7/30/15,210.820007
7/31/15,210.5
8/3/15,209.789993
8/4/15,209.380005
8/5/15,210.070007
8/6/15,208.350006
8/7/15,207.949997
8/10/15,210.570007
8/11/15,208.669998
8/12/15,208.919998
8/13/15,208.660004
8/14/15,209.419998
8/17/15,210.589996
8/18/15,209.979996
8/19/15,208.320007
8/20/15,203.970001
8/21/15,197.830002
8/24/15,189.5
8/25/15,187.270004
8/26/15,194.460007
8/27/15,199.270004
8/28/15,199.279999
8/31/15,197.669998
9/1/15,191.770004
9/2/15,195.410004
9/3/15,195.550003
9/4/15,192.589996
9/8/15,197.429993
9/9/15,194.789993
9/10/15,195.850006
9/11/15,196.740005
9/14/15,196.009995
9/15/15,198.460007
9/16/15,200.179993
9/17/15,199.729996
9/18/15,195.449997
9/21/15,196.460007
9/22/15,193.910004
9/23/15,193.600006
9/24/15,192.899994
9/25/15,192.850006
9/28/15,188.009995
9/29/15,188.119995
9/30/15,191.630005
10/1/15,192.130005
10/2/15,195
10/5/15,198.470001
10/6/15,197.789993
10/7/15,199.410004
10/8/15,201.210007
10/9/15,201.330002
10/12/15,201.520004
10/13/15,200.25
10/14/15,199.289993
10/15/15,202.350006
10/16/15,203.270004
10/19/15,203.369995
10/20/15,203.110001
10/21/15,201.850006
10/22/15,205.259995
10/23/15,207.509995
10/26/15,207
10/27/15,206.600006
10/28/15,208.949997
10/29/15,208.830002
10/30/15,207.929993
11/2/15,210.389999
11/3/15,211
11/4/15,210.360001
11/5/15,210.149994
11/6/15,210.039993
11/9/15,208.080002
11/10/15,208.559998
11/11/15,207.740005
11/12/15,204.839996
11/13/15,202.539993
11/16/15,205.619995
11/17/15,205.470001
11/18/15,208.729996
11/19/15,208.550003
11/20/15,209.309998
11/23/15,209.070007
11/24/15,209.350006
11/25/15,209.320007
11/27/15,209.559998
11/30/15,208.690002
12/1/15,210.679993
12/2/15,208.529999
12/3/15,205.610001
12/4/15,209.619995
12/7/15,208.350006
12/8/15,206.949997
12/9/15,205.339996
12/10/15,205.869995
12/11/15,201.880005
12/14/15,202.899994
12/15/15,205.029999
12/16/15,208.029999
12/17/15,204.860001
12/18/15,200.020004
12/21/15,201.669998
12/22/15,203.5
12/23/15,206.020004
12/24/15,205.679993
12/28/15,205.210007
12/29/15,207.399994
12/30/15,205.929993
12/31/15,203.869995
1/4/16,201.020004
1/5/16,201.360001
1/6/16,198.820007
1/7/16,194.050003
1/8/16,191.919998
1/11/16,192.110001
1/12/16,193.660004
1/13/16,188.830002
1/14/16,191.929993
1/15/16,187.809998
1/19/16,188.059998
1/20/16,185.649994
1/21/16,186.690002
1/22/16,190.520004
1/25/16,187.639999
1/26/16,190.199997
1/27/16,188.130005
1/28/16,189.110001
1/29/16,193.720001
2/1/16,193.649994
2/2/16,190.160004
2/3/16,191.300003
2/4/16,191.600006
2/5/16,187.949997
2/8/16,185.419998
2/9/16,185.429993
2/10/16,185.270004
2/11/16,182.860001
2/12/16,186.630005
2/16/16,189.779999
2/17/16,192.880005
2/18/16,192.089996
2/19/16,192
2/22/16,194.779999
2/23/16,192.320007
2/24/16,193.199997
2/25/16,195.539993
2/26/16,195.089996
2/29/16,193.559998
3/1/16,198.110001
3/2/16,199
3/3/16,199.779999
3/4/16,200.429993
3/7/16,200.589996
3/8/16,198.399994
3/9/16,199.380005
3/10/16,199.539993
3/11/16,202.759995
3/14/16,202.5
3/15/16,202.169998
3/16/16,203.339996
3/17/16,204.630005
3/18/16,204.380005
3/21/16,204.669998
3/22/16,204.559998
3/23/16,203.210007
3/24/16,203.119995
3/28/16,203.240005
3/29/16,205.119995
3/30/16,206.020004
3/31/16,205.520004
4/1/16,206.919998
4/4/16,206.25
4/5/16,204.190002
4/6/16,206.419998
4/7/16,203.949997
4/8/16,204.5
4/11/16,204.020004
4/12/16,205.919998
4/13/16,208
4/14/16,208.009995
4/15/16,207.779999
4/18/16,209.240005
4/19/16,209.899994
4/20/16,210.100006
4/21/16,208.970001
4/22/16,208.970001
4/25/16,208.610001
4/26/16,208.919998
4/27/16,209.350006
4/28/16,207.449997
4/29/16,206.330002
5/2/16,207.970001
5/3/16,206.160004
5/4/16,205.009995
5/5/16,204.970001
5/6/16,205.720001
5/9/16,205.889999
5/10/16,208.449997
5/11/16,206.5
5/12/16,206.559998
5/13/16,204.759995
5/16/16,206.779999
5/17/16,204.850006
5/18/16,204.910004
5/19/16,204.199997
5/20/16,205.490005
5/23/16,205.210007
5/24/16,207.869995
5/25/16,209.279999
5/26/16,209.339996
5/27/16,210.240005
5/31/16,209.839996
6/1/16,210.270004
6/2/16,210.910004
6/3/16,210.279999
6/6/16,211.350006
6/7/16,211.679993
6/8/16,212.369995
6/9/16,212.080002
6/10/16,210.070007
6/13/16,208.449997
6/14/16,208.039993
6/15/16,207.75
6/16/16,208.369995
6/17/16,206.520004
6/20/16,207.850006
6/21/16,208.440002
6/22/16,208.100006
6/23/16,210.809998
6/24/16,203.240005
6/27/16,199.600006
6/28/16,203.199997
6/29/16,206.660004
6/30/16,209.479996
7/1/16,209.919998
7/5/16,208.410004
7/6/16,209.660004
7/7/16,209.529999
7/8/16,212.649994
7/11/16,213.399994
7/12/16,214.949997
7/13/16,214.919998
7/14/16,216.119995
7/15/16,215.830002
7/18/16,216.410004
7/19/16,216.190002
7/20/16,217.089996
7/21/16,216.270004
7/22/16,217.240005
7/25/16,216.649994
7/26/16,216.75
7/27/16,216.520004
7/28/16,216.770004
7/29/16,217.119995
8/1/16,216.940002
8/2/16,215.550003
8/3/16,216.179993
8/4/16,216.410004
8/5/16,218.179993
8/8/16,218.050003
8/9/16,218.179993
8/10/16,217.639999
8/11/16,218.649994
8/12/16,218.460007
8/15/16,219.089996
8/16/16,217.960007
8/17/16,218.369995
8/18/16,218.860001
8/19/16,218.539993
8/22/16,218.529999
8/23/16,218.970001
8/24/16,217.850006
8/25/16,217.699997
8/26/16,217.289993
8/29/16,218.360001
8/30/16,218
8/31/16,217.380005
9/1/16,217.389999
9/2/16,218.369995
9/6/16,219.029999
9/7/16,219.009995
9/8/16,218.509995
9/9/16,213.279999
9/12/16,216.339996
9/13/16,213.229996
9/14/16,213.149994
9/15/16,215.279999
9/16/16,213.369995
9/19/16,213.410004
9/20/16,213.419998
9/21/16,215.820007
9/22/16,217.179993
9/23/16,215.990005
9/26/16,214.240005
9/27/16,215.570007
9/28/16,216.639999
9/29/16,214.679993
9/30/16,216.300003
10/3/16,215.779999
10/4/16,214.679993
10/5/16,215.630005
10/6/16,215.779999
10/7/16,215.039993
10/10/16,216.160004
10/11/16,213.429993
10/12/16,213.710007
10/13/16,213.009995
10/14/16,213.119995
10/17/16,212.380005
10/18/16,213.710007
10/19/16,214.279999
10/20/16,213.880005
10/21/16,213.979996
10/24/16,214.889999
10/25/16,214.169998
10/26/16,213.740005
10/27/16,213.169998
10/28/16,212.539993
10/31/16,212.550003
11/1/16,211.009995
11/2/16,209.740005
11/3/16,208.779999
11/4/16,208.550003
11/7/16,213.149994
11/8/16,214.110001
11/9/16,216.380005
11/10/16,216.919998
11/11/16,216.419998
11/14/16,216.589996
11/15/16,218.279999
11/16/16,217.869995
11/17/16,218.990005
11/18/16,218.5
11/21/16,220.149994
11/22/16,220.580002
11/23/16,220.699997
11/25/16,221.520004
11/28/16,220.479996
11/29/16,220.910004
11/30/16,220.380005
12/1/16,219.570007
12/2/16,219.679993
12/5/16,221
12/6/16,221.699997
12/7/16,224.600006
12/8/16,225.149994
12/9/16,226.509995
12/12/16,226.25
12/13/16,227.759995
12/14/16,225.880005
12/15/16,226.809998
12/16/16,225.039993
12/19/16,225.529999
12/20/16,226.399994
12/21/16,225.770004
12/22/16,225.380005
12/23/16,225.710007
12/27/16,226.270004
12/28/16,224.399994
12/29/16,224.350006
12/30/16,223.529999
1/3/17,225.240005
1/4/17,226.580002
1/5/17,226.399994
1/6/17,227.210007
1/9/17,226.460007
1/10/17,226.460007
1/11/17,227.100006
1/12/17,226.529999
1/13/17,227.050003
1/17/17,226.25
1/18/17,226.75
1/19/17,225.910004
1/20/17,226.740005
1/23/17,226.149994
1/24/17,227.600006
1/25/17,229.570007
1/26/17,229.330002
1/27/17,228.970001
1/30/17,227.550003
1/31/17,227.529999
2/1/17,227.619995
2/2/17,227.770004
2/3/17,229.339996
2/6/17,228.929993
2/7/17,228.940002
2/8/17,229.240005
2/9/17,230.600006
2/10/17,231.509995
2/13/17,232.770004
2/14/17,233.699997
2/15/17,234.919998
2/16/17,234.720001
2/17/17,235.089996
2/21/17,236.490005
2/22/17,236.279999
2/23/17,236.440002
2/24/17,236.740005
2/27/17,237.110001
2/28/17,236.470001
3/1/17,239.779999
3/2/17,238.270004
3/3/17,238.419998
3/6/17,237.710007
3/7/17,237
3/8/17,236.559998
3/9/17,236.860001
3/10/17,237.690002
3/13/17,237.809998
3/14/17,236.899994
3/15/17,238.949997
3/16/17,238.479996
3/17/17,237.029999
3/20/17,236.770004
3/21/17,233.729996
3/22/17,234.279999
3/23/17,234.029999
3/24/17,233.860001
3/27/17,233.619995
3/28/17,235.320007
3/29/17,235.539993
3/30/17,236.289993
3/31/17,235.740005
4/3/17,235.330002
4/4/17,235.479996
4/5/17,234.779999
4/6/17,235.440002
4/7/17,235.199997
4/10/17,235.339996
4/11/17,235.059998
4/12/17,234.029999
4/13/17,232.509995
4/17/17,234.570007
4/18/17,233.869995
4/19/17,233.440002
4/20/17,235.339996
4/21/17,234.589996
4/24/17,237.169998
4/25/17,238.550003
4/26/17,238.399994
4/27/17,238.600006
4/28/17,238.080002
5/1/17,238.679993
5/2/17,238.770004
5/3/17,238.479996
5/4/17,238.759995
5/5/17,239.699997
5/8/17,239.660004
5/9/17,239.440002
5/10/17,239.869995
5/11/17,239.380005
5/12/17,238.979996
5/15/17,240.300003
5/16/17,240.080002
5/17/17,235.820007
5/18/17,236.770004
5/19/17,238.309998
5/22/17,239.520004
5/23/17,240.050003
5/24/17,240.610001
5/25/17,241.759995
5/26/17,241.710007
5/30/17,241.5
5/31/17,241.440002
6/1/17,243.360001
6/2/17,244.169998
6/5/17,243.990005
6/6/17,243.210007
6/7/17,243.660004
6/8/17,243.779999
6/9/17,243.410004
6/12/17,243.360001
6/13/17,244.550003
6/14/17,244.240005
6/15/17,243.770004
6/16/17,242.639999
6/19/17,244.660004
6/20/17,243.009995
6/21/17,242.949997
6/22/17,242.839996
6/23/17,243.130005
6/26/17,243.289993
6/27/17,241.330002
6/28/17,243.490005
6/29/17,241.350006
6/30/17,241.800003
7/3/17,242.210007
7/5/17,242.770004
7/6/17,240.550003
7/7/17,242.110001
7/10/17,242.369995
7/11/17,242.190002
7/12/17,244.009995
7/13/17,244.419998
7/14/17,245.559998
7/17/17,245.529999
7/18/17,245.660004
7/19/17,246.990005
7/20/17,247.100006
7/21/17,246.880005
7/24/17,246.820007
7/25/17,247.419998
7/26/17,247.429993
7/27/17,247.199997
7/28/17,246.910004
7/31/17,246.770004
8/1/17,247.320007
8/2/17,247.440002
8/3/17,246.960007
8/4/17,247.410004
8/7/17,247.869995
8/8/17,247.259995
8/9/17,247.25
8/10/17,243.759995
8/11/17,244.119995
8/14/17,246.539993
8/15/17,246.509995
8/16/17,246.940002
8/17/17,243.089996
8/18/17,242.710007
8/21/17,242.899994
8/22/17,245.440002
8/23/17,244.559998
8/24/17,243.990005
8/25/17,244.559998
8/28/17,244.570007
8/29/17,244.850006
8/30/17,246.009995
8/31/17,247.490005
9/1/17,247.839996
9/5/17,246.059998
9/6/17,246.899994
9/7/17,246.869995
9/8/17,246.580002
9/11/17,249.210007
9/12/17,250.050003
9/13/17,250.169998
9/14/17,250.089996
9/15/17,249.190002
9/18/17,249.720001
9/19/17,249.970001
9/20/17,250.059998
9/21/17,249.389999
9/22/17,249.440002
9/25/17,248.929993
9/26/17,249.080002
9/27/17,250.050003
9/28/17,250.350006
9/29/17,251.229996
10/2/17,252.320007
10/3/17,252.860001
10/4/17,253.160004
10/5/17,254.660004
10/6/17,254.369995
10/9/17,253.949997
10/10/17,254.619995
10/11/17,255.020004
10/12/17,254.639999
10/13/17,254.949997
10/16/17,255.289993
10/17/17,255.470001
10/18/17,255.720001
10/19/17,255.789993
10/20/17,257.109985
10/23/17,256.109985
10/24/17,256.559998
10/25/17,255.289993
10/26/17,255.619995
10/27/17,257.709991
10/30/17,256.75
10/31/17,257.149994
11/1/17,257.48999
11/2/17,257.589996
11/3/17,258.450012
11/6/17,258.850006
11/7/17,258.670013
11/8/17,259.109985
11/9/17,258.170013
11/10/17,258.089996
11/13/17,258.329987
11/14/17,257.730011
11/15/17,256.440002
11/16/17,258.619995
11/17/17,257.859985
11/20/17,258.299988
11/21/17,259.98999
11/22/17,259.76001
11/24/17,260.359985
11/27/17,260.230011
11/28/17,262.869995
11/29/17,262.709991
11/30/17,265.01001
12/1/17,264.459991
12/4/17,264.140015
12/5/17,263.190002
12/6/17,263.23999
12/7/17,264.070007
12/8/17,265.51001
12/11/17,266.309998
12/12/17,266.779999
12/13/17,266.75
12/14/17,265.660004
12/15/17,266.51001
12/18/17,268.200012
12/19/17,267.170013
12/20/17,267.029999
12/21/17,267.579987
12/22/17,267.51001
12/26/17,267.190002
12/27/17,267.320007
12/28/17,267.869995
12/29/17,266.859985
1/2/18,268.769989
1/3/18,270.470001
1/4/18,271.609985
1/5/18,273.420013
1/8/18,273.920013
1/9/18,274.540009
1/10/18,274.119995
1/11/18,276.119995
1/12/18,277.920013
1/16/18,276.970001
1/17/18,279.609985
1/18/18,279.140015
1/19/18,280.410004
1/22/18,282.690002
1/23/18,283.290009
1/24/18,283.179993
1/25/18,283.299988
1/26/18,286.579987
1/29/18,284.679993
1/30/18,281.76001
1/31/18,281.899994
2/1/18,281.579987
2/2/18,275.450012
2/5/18,263.929993
2/6/18,269.130005
2/7/18,267.670013
2/8/18,257.630005
2/9/18,261.5
2/12/18,265.339996
2/13/18,266
2/14/18,269.589996
2/15/18,273.029999
2/16/18,273.109985
2/20/18,271.399994
2/21/18,270.049988
2/22/18,270.399994
2/23/18,274.709991
2/26/18,277.899994
2/27/18,274.429993
2/28/18,271.649994
3/1/18,267.700012
3/2/18,269.079987
3/5/18,272.190002
3/6/18,272.880005
3/7/18,272.779999
3/8/18,274.100006
3/9/18,278.869995
3/12/18,278.519989
3/13/18,276.720001
3/14/18,275.299988
3/15/18,275
3/16/18,274.200012
3/19/18,270.48999
3/20/18,270.950012
3/21/18,270.429993
3/22/18,263.670013
3/23/18,258.049988
3/26/18,265.109985
3/27/18,260.600006
3/28/18,259.829987
3/29/18,263.149994
4/2/18,257.470001
4/3/18,260.769989
4/4/18,263.559998
4/5/18,265.640015
4/6/18,259.720001
4/9/18,261
4/10/18,265.149994
4/11/18,263.76001
4/12/18,265.929993
4/13/18,265.149994
4/16/18,267.329987
4/17/18,270.190002
4/18/18,270.390015
4/19/18,268.890015
4/20/18,266.609985
4/23/18,266.570007
4/24/18,262.980011
4/25/18,263.630005
4/26/18,266.309998
4/27/18,266.559998
4/30/18,264.51001
5/1/18,264.980011
5/2/18,263.200012
5/3/18,262.619995
5/4/18,266.019989
5/7/18,266.920013
5/8/18,266.920013
5/9/18,269.5
5/10/18,272.019989
5/11/18,272.850006
5/14/18,272.980011
5/15/18,271.100006
5/16/18,272.23999
5/17/18,272.01001
5/18/18,271.329987
5/21/18,273.369995
5/22/18,272.609985
5/23/18,273.359985
5/24/18,272.799988
5/25/18,272.149994
5/29/18,269.019989
5/30/18,272.609985
5/31/18,270.940002
6/1/18,273.600006
6/4/18,274.899994
6/5/18,275.100006
6/6/18,277.399994
6/7/18,277.369995
6/8/18,278.190002
6/11/18,278.559998
6/12/18,278.920013
6/13/18,278.029999
6/14/18,278.730011
6/15/18,277.130005
6/18/18,276.559998
6/19/18,275.5
6/20/18,275.970001
6/21/18,274.23999
6/22/18,274.73999
6/25/18,271
6/26/18,271.600006
6/27/18,269.350006
6/28/18,270.890015
6/29/18,271.279999
7/2/18,271.859985
7/3/18,270.899994
7/5/18,273.109985
7/6/18,275.420013
7/9/18,277.899994
7/10/18,278.899994
7/11/18,276.859985
7/12/18,279.369995
7/13/18,279.589996
7/16/18,279.339996
7/17/18,280.470001
7/18/18,281.059998
7/19/18,280
7/20/18,279.679993
7/23/18,280.200012
7/24/18,281.609985
7/25/18,284.01001
7/26/18,283.339996
7/27/18,281.420013
7/30/18,279.950012
7/31/18,281.329987
8/1/18,280.859985
8/2/18,282.390015
8/3/18,283.600006
8/6/18,284.640015
8/7/18,285.579987
8/8/18,285.459991
8/9/18,285.070007
8/10/18,283.160004
8/13/18,282.100006
8/14/18,283.899994
8/15/18,281.779999
8/16/18,284.059998
8/17/18,285.059998
8/20/18,285.670013
8/21/18,286.339996
8/22/18,286.170013
8/23/18,285.790009
8/24/18,287.51001
8/27/18,289.779999
8/28/18,289.920013
8/29/18,291.480011
8/30/18,290.299988
8/31/18,290.309998
9/4/18,289.809998
9/5/18,289.029999
9/6/18,288.160004
9/7/18,287.600006
9/10/18,288.100006
9/11/18,289.049988
9/12/18,289.119995
9/13/18,290.829987
9/14/18,290.880005
9/17/18,289.339996
9/18/18,290.910004
9/19/18,291.220001
9/20/18,293.579987
9/21/18,291.98999
9/24/18,291.019989
9/25/18,290.75
9/26/18,289.880005
9/27/18,290.690002
9/28/18,290.720001
10/1/18,291.730011
10/2/18,291.559998
10/3/18,291.720001
10/4/18,289.440002
10/5/18,287.820007
10/8/18,287.820007
10/9/18,287.399994
10/10/18,278.299988
10/11/18,272.170013
10/12/18,275.950012
10/15/18,274.399994
10/16/18,280.399994
10/17/18,280.450012
10/18/18,276.399994
10/19/18,276.25
10/22/18,275.01001
10/23/18,273.609985
10/24/18,265.320007
10/25/18,270.079987
10/26/18,265.329987
10/29/18,263.859985
10/30/18,267.769989
10/31/18,270.630005
11/1/18,273.51001
11/2/18,271.890015
11/5/18,273.390015
11/6/18,275.119995
11/7/18,281.01001
11/8/18,280.5
11/9/18,277.76001
11/12/18,272.570007
11/13/18,272.059998
11/14/18,270.200012
11/15/18,273.019989
11/16/18,273.730011
11/19/18,269.100006
11/20/18,264.119995
11/21/18,265.019989
11/23/18,263.25
11/26/18,267.5
11/27/18,268.399994
11/28/18,274.579987
11/29/18,273.980011
11/30/18,275.649994
12/3/18,279.299988
12/4/18,270.25
12/6/18,269.839996
12/7/18,263.570007
12/10/18,264.070007
12/11/18,264.130005
12/12/18,265.459991
12/13/18,265.369995
12/14/18,260.470001
12/17/18,255.360001
12/18/18,255.080002
12/19/18,251.259995
12/20/18,247.169998
12/21/18,240.699997
12/24/18,234.339996
12/26/18,246.179993
12/27/18,248.070007
12/28/18,247.75
12/31/18,249.919998
1/2/19,250.179993
1/3/19,244.210007
1/4/19,252.389999
1/7/19,254.380005
1/8/19,256.769989
1/9/19,257.970001
1/10/19,258.880005
1/11/19,258.980011
1/14/19,257.399994
1/15/19,260.350006
1/16/19,260.980011
1/17/19,262.959991
1/18/19,266.459991
1/22/19,262.859985
1/23/19,263.410004
1/24/19,263.549988
1/25/19,265.779999
1/28/19,263.76001
1/29/19,263.410004
1/30/19,267.579987
1/31/19,269.929993
2/1/19,270.059998
2/4/19,271.959991
2/5/19,273.100006
2/6/19,272.73999
2/7/19,270.140015
2/8/19,270.470001
2/11/19,270.619995
2/12/19,274.100006
2/13/19,274.98999
2/14/19,274.380005
2/15/19,277.369995
2/19/19,277.850006
2/20/19,278.410004
2/21/19,277.420013
2/22/19,279.140015
2/25/19,279.519989
2/26/19,279.320007
2/27/19,279.200012
2/28/19,278.679993
3/1/19,280.420013
3/4/19,279.399994
3/5/19,279.019989
3/6/19,277.329987
3/7/19,275.01001
3/8/19,274.459991
3/11/19,278.440002
3/12/19,279.48999
3/13/19,281.339996
3/14/19,281.160004
3/15/19,281.309998
3/18/19,282.329987
3/19/19,282.399994
3/20/19,281.549988
3/21/19,284.730011
3/22/19,279.25
3/25/19,279.040009
3/26/19,281.119995
3/27/19,279.649994
3/28/19,280.709991
3/29/19,282.480011
4/1/19,285.829987
4/2/19,285.970001
4/3/19,286.420013
4/4/19,287.179993
4/5/19,288.570007
4/8/19,288.790009
4/9/19,287.309998
4/10/19,288.290009
4/11/19,288.209991
4/12/19,290.160004
4/15/19,289.970001
4/16/19,290.160004
4/17/19,289.450012
4/18/19,290.019989
4/22/19,290.269989
4/23/19,292.880005
4/24/19,292.230011
4/25/19,292.049988
4/26/19,293.410004
4/29/19,293.869995
4/30/19,294.019989
5/1/19,291.809998
5/2/19,291.179993
5/3/19,294.029999
5/6/19,292.820007
5/7/19,287.929993
5/8/19,287.529999
5/9/19,286.660004
5/10/19,288.100006
5/13/19,280.859985
5/14/19,283.399994
5/15/19,285.059998
5/16/19,287.700012
5/17/19,285.839996
5/20/19,283.950012
5/21/19,286.51001
5/22/19,285.630005
5/23/19,282.140015
5/24/19,282.779999
5/28/19,280.149994
5/29/19,278.269989
5/30/19,279.029999
5/31/19,275.269989
6/3/19,274.570007
6/4/19,280.529999
6/5/19,282.959991
6/6/19,284.799988
6/7/19,287.649994
6/10/19,288.970001
6/11/19,288.899994
6/12/19,288.390015
6/13/19,289.579987
6/14/19,289.26001
6/17/19,289.369995
6/18/19,292.399994
6/19/19,293.059998
6/20/19,295.859985
6/21/19,294
6/24/19,293.640015
6/25/19,290.76001
6/26/19,290.470001
6/27/19,291.5
6/28/19,293
7/1/19,295.660004
7/2/19,296.429993
7/3/19,298.799988
7/5/19,298.459991
7/8/19,296.820007
7/9/19,297.190002
7/10/19,298.609985
7/11/19,299.309998
7/12/19,300.649994
7/15/19,300.75
7/16/19,299.779999
7/17/19,297.73999
7/18/19,298.829987
7/19/19,297.170013
7/22/19,297.899994
7/23/19,300.029999
7/24/19,301.440002
7/25/19,300
7/26/19,302.01001
7/29/19,301.459991
7/30/19,300.720001
7/31/19,297.429993
8/1/19,294.839996
8/2/19,292.619995
8/5/19,283.820007
8/6/19,287.799988
8/7/19,287.970001
8/8/19,293.619995
8/9/19,291.619995
8/12/19,288.070007
8/13/19,292.549988
8/14/19,283.899994
8/15/19,284.649994
8/16/19,288.850006
8/19/19,292.329987
8/20/19,290.089996
8/21/19,292.450012
8/22/19,292.359985
8/23/19,284.850006
8/26/19,288
8/27/19,286.869995
8/28/19,288.890015
8/29/19,292.579987
8/30/19,292.450012
9/3/19,290.73999
9/4/19,294.040009
9/5/19,297.820007
9/6/19,298.049988
9/9/19,298.200012
9/10/19,298.130005
9/11/19,300.25
9/12/19,301.290009
9/13/19,301.089996
9/16/19,300.160004
9/17/19,300.920013
9/18/19,301.100006
9/19/19,301.079987
9/20/19,298.279999
9/23/19,298.209991
9/24/19,295.869995
9/25/19,297.619995
9/26/19,297
9/27/19,295.399994
9/30/19,296.769989
10/1/19,293.23999
10/2/19,288.059998
10/3/19,290.420013
10/4/19,294.350006
10/7/19,293.079987
10/8/19,288.529999
10/9/19,291.269989
10/10/19,293.23999
10/11/19,296.279999
10/14/19,295.950012
10/15/19,298.880005
10/16/19,298.399994
10/17/19,299.279999
10/18/19,297.970001
10/21/19,299.98999
10/22/19,299.01001
10/23/19,299.880005
10/24/19,300.369995
10/25/19,301.600006
10/28/19,303.299988
10/29/19,303.209991
10/30/19,304.140015
10/31/19,303.329987
11/1/19,306.140015
11/4/19,307.369995
11/5/19,307.029999
11/6/19,307.100006
11/7/19,308.179993
11/8/19,308.940002
11/11/19,308.350006
11/12/19,309
11/13/19,309.100006
11/14/19,309.549988
11/15/19,311.790009
11/18/19,312.019989
11/19/19,311.929993
11/20/19,310.769989
11/21/19,310.269989
11/22/19,310.959991
11/25/19,313.369995
11/26/19,314.079987
11/27/19,315.480011
11/29/19,314.309998
12/2/19,311.640015
12/3/19,309.549988
12/4/19,311.459991
12/5/19,312.019989
12/6/19,314.869995
12/9/19,313.880005
12/10/19,313.529999
12/11/19,314.420013
12/12/19,317.130005
12/13/19,317.320007
12/16/19,319.5
12/17/19,319.570007
12/18/19,319.589996
12/19/19,320.899994
12/20/19,320.730011
12/23/19,321.220001
12/24/19,321.230011
12/26/19,322.940002
12/27/19,322.859985
12/30/19,321.079987